Date,Brent Crude (USD/bbl)
2010-01-01,79.81
2010-01-04,77.52
2010-01-05,78.74
2010-01-06,78.57
2010-01-07,80.36
2010-01-08,80.41
2010-01-11,77.28
2010-01-12,74.78
2010-01-13,72.41
2010-01-14,72.92
2010-01-15,74.55
2010-01-18,73.28
2010-01-19,72.21
2010-01-20,74.19
2010-01-21,74.4
2010-01-22,74.7
2010-01-25,74.79
2010-01-26,75.04
2010-01-27,76.26
2010-01-28,80.05
2010-01-29,82.97
2010-02-01,81.46
2010-02-02,84.55
2010-02-03,82.56
2010-02-04,82.45
2010-02-05,83.51
2010-02-08,83.85
2010-02-09,81.56
2010-02-10,86.62
2010-02-11,87.28
2010-02-12,83.94
2010-02-15,83.93
2010-02-16,81.3
2010-02-17,80.51
2010-02-18,85.3
2010-02-19,83.44
2010-02-22,84.6
2010-02-23,81.4
2010-02-24,86.02
2010-02-25,86.03
2010-02-26,84.61
2010-03-01,85.75
2010-03-02,88.31
2010-03-03,89.18
2010-03-04,87.25
2010-03-05,89.94
2010-03-08,89.07
2010-03-09,84.14
2010-03-10,84.45
2010-03-11,84.35
2010-03-12,88.85
2010-03-15,90.88
2010-03-16,93.09
2010-03-17,91.52
2010-03-18,89.09
2010-03-19,90.25
2010-03-22,87.26
2010-03-23,87.98
2010-03-24,91.33
2010-03-25,88.96
2010-03-26,86.19
2010-03-29,88.43
2010-03-30,92.96
2010-03-31,92.01
2010-04-01,91.92
2010-04-02,89.88
2010-04-05,87.39
2010-04-06,89.62
2010-04-07,94.48
2010-04-08,95.17
2010-04-09,96.44
2010-04-12,97.26
2010-04-13,100.48
2010-04-14,100.87
2010-04-15,104.54
2010-04-16,100.59
2010-04-19,103.75
2010-04-20,103.75
2010-04-21,105.33
2010-04-22,104.69
2010-04-23,106.23
2010-04-26,109.26
2010-04-27,105.94
2010-04-28,106.64
2010-04-29,106.59
2010-04-30,107.16
2010-05-03,104.85
2010-05-04,102.75
2010-05-05,106.45
2010-05-06,107.24
2010-05-07,105.08
2010-05-10,105.59
2010-05-11,104.95
2010-05-12,107.51
2010-05-13,110.55
2010-05-14,112.25
2010-05-17,114.26
2010-05-18,111.69
2010-05-19,113.96
2010-05-20,120.33
2010-05-21,120.67
2010-05-24,120.65
2010-05-25,116.73
2010-05-26,115.86
2010-05-27,116.43
2010-05-28,117.21
2010-05-31,114.98
2010-06-01,117.15
2010-06-02,119.37
2010-06-03,121.01
2010-06-04,117.26
2010-06-07,121.1
2010-06-08,118.81
2010-06-09,117.05
2010-06-10,120.27
2010-06-11,120.33
2010-06-14,117.38
2010-06-15,118.15
2010-06-16,118.44
2010-06-17,121.3
2010-06-18,116.95
2010-06-21,121.91
2010-06-22,121.28
2010-06-23,123.64
2010-06-24,122.77
2010-06-25,122.5
2010-06-28,121.66
2010-06-29,122.53
2010-06-30,122.33
2010-07-01,128.97
2010-07-02,126.21
2010-07-05,129.08
2010-07-06,132.05
2010-07-07,130.3
2010-07-08,130.32
2010-07-09,128.42
2010-07-12,131.63
2010-07-13,130.88
2010-07-14,134.34
2010-07-15,135.77
2010-07-16,134.42
2010-07-19,132.16
2010-07-20,133.15
2010-07-21,134.48
2010-07-22,131.37
2010-07-23,135.63
2010-07-26,134.1
2010-07-27,134.37
2010-07-28,132.88
2010-07-29,134.74
2010-07-30,136.63
2010-08-02,141.85
2010-08-03,141.17
2010-08-04,138.84
2010-08-05,134.22
2010-08-06,134.1
2010-08-09,136.72
2010-08-10,134.07
2010-08-11,136.16
2010-08-12,139.53
2010-08-13,139.06
2010-08-16,142.45
2010-08-17,135.58
2010-08-18,135.42
2010-08-19,133.87
2010-08-20,133.76
2010-08-23,135.49
2010-08-24,134.81
2010-08-25,132.54
2010-08-26,138.54
2010-08-27,134.62
2010-08-30,134.87
2010-08-31,139.7
2010-09-01,143.75
2010-09-02,146.04
2010-09-03,140.51
2010-09-06,139.15
2010-09-07,143.25
2010-09-08,144.92
2010-09-09,149.54
2010-09-10,153.14
2010-09-13,160.62
2010-09-14,159.07
2010-09-15,159.64
2010-09-16,159.48
2010-09-17,163.67
2010-09-20,162.35
2010-09-21,162.89
2010-09-22,164.13
2010-09-23,159.99
2010-09-24,157.31
2010-09-27,164.11
2010-09-28,162.87
2010-09-29,170.58
2010-09-30,173.4
2010-10-01,171.57
2010-10-04,167.46
2010-10-05,175.16
2010-10-06,180.65
2010-10-07,182.58
2010-10-08,188.73
2010-10-11,190.13
2010-10-12,194.27
2010-10-13,188.33
2010-10-14,185.71
2010-10-15,178.45
2010-10-18,173.58
2010-10-19,169.8
2010-10-20,170.35
2010-10-21,162.0
2010-10-22,169.43
2010-10-25,174.36
2010-10-26,169.29
2010-10-27,167.38
2010-10-28,168.33
2010-10-29,169.35
2010-11-01,170.16
2010-11-02,173.71
2010-11-03,176.53
2010-11-04,180.38
2010-11-05,186.53
2010-11-08,186.74
2010-11-09,188.62
2010-11-10,177.32
2010-11-11,177.13
2010-11-12,175.74
2010-11-15,178.27
2010-11-16,171.9
2010-11-17,175.4
2010-11-18,172.55
2010-11-19,171.95
2010-11-22,168.18
2010-11-23,166.27
2010-11-24,165.3
2010-11-25,160.37
2010-11-26,165.87
2010-11-29,166.02
2010-11-30,166.02
2010-12-01,162.82
2010-12-02,162.28
2010-12-03,161.73
2010-12-06,157.54
2010-12-07,167.46
2010-12-08,170.48
2010-12-09,166.6
2010-12-10,168.77
2010-12-13,164.24
2010-12-14,167.48
2010-12-15,166.03
2010-12-16,166.01
2010-12-17,162.25
2010-12-20,161.79
2010-12-21,155.75
2010-12-22,153.36
2010-12-23,154.24
2010-12-24,156.13
2010-12-27,149.57
2010-12-28,148.05
2010-12-29,149.08
2010-12-30,149.69
2010-12-31,152.77
2011-01-03,154.81
2011-01-04,155.64
2011-01-05,152.6
2011-01-06,149.25
2011-01-07,154.15
2011-01-10,150.52
2011-01-11,149.55
2011-01-12,142.02
2011-01-13,138.98
2011-01-14,145.56
2011-01-17,148.13
2011-01-18,148.0
2011-01-19,147.07
2011-01-20,145.54
2011-01-21,137.53
2011-01-24,135.28
2011-01-25,136.72
2011-01-26,138.36
2011-01-27,141.56
2011-01-28,141.34
2011-01-31,143.99
2011-02-01,145.36
2011-02-02,144.49
2011-02-03,139.07
2011-02-04,137.34
2011-02-07,139.09
2011-02-08,146.2
2011-02-09,148.05
2011-02-10,150.12
2011-02-11,147.37
2011-02-14,144.69
2011-02-15,148.43
2011-02-16,145.88
2011-02-17,145.52
2011-02-18,151.41
2011-02-21,152.94
2011-02-22,150.14
2011-02-23,155.68
2011-02-24,145.93
2011-02-25,148.89
2011-02-28,149.57
2011-03-01,143.25
2011-03-02,142.08
2011-03-03,136.91
2011-03-04,141.0
2011-03-07,139.76
2011-03-08,137.61
2011-03-09,135.87
2011-03-10,135.58
2011-03-11,134.21
2011-03-14,137.83
2011-03-15,137.76
2011-03-16,139.36
2011-03-17,142.48
2011-03-18,153.05
2011-03-21,150.55
2011-03-22,150.81
2011-03-23,150.99
2011-03-24,147.7
2011-03-25,151.29
2011-03-28,157.54
2011-03-29,157.78
2011-03-30,153.61
2011-03-31,153.56
2011-04-01,147.3
2011-04-04,153.38
2011-04-05,150.99
2011-04-06,144.19
2011-04-07,153.14
2011-04-08,152.29
2011-04-11,148.01
2011-04-12,147.75
2011-04-13,144.05
2011-04-14,151.51
2011-04-15,153.24
2011-04-18,153.36
2011-04-19,149.16
2011-04-20,141.48
2011-04-21,141.37
2011-04-22,140.78
2011-04-25,147.9
2011-04-26,153.68
2011-04-27,158.97
2011-04-28,149.12
2011-04-29,155.0
2011-05-02,156.01
2011-05-03,157.86
2011-05-04,162.27
2011-05-05,163.29
2011-05-06,159.04
2011-05-09,160.41
2011-05-10,163.2
2011-05-11,160.95
2011-05-12,158.86
2011-05-13,161.91
2011-05-16,162.68
2011-05-17,166.36
2011-05-18,162.2
2011-05-19,157.93
2011-05-20,159.05
2011-05-23,158.74
2011-05-24,168.03
2011-05-25,166.1
2011-05-26,173.42
2011-05-27,174.21
2011-05-30,174.03
2011-05-31,187.64
2011-06-01,184.49
2011-06-02,185.0
2011-06-03,180.43
2011-06-06,187.2
2011-06-07,183.8
2011-06-08,179.69
2011-06-09,182.54
2011-06-10,188.75
2011-06-13,188.06
2011-06-14,186.72
2011-06-15,184.64
2011-06-16,176.14
2011-06-17,174.46
2011-06-20,173.48
2011-06-21,183.58
2011-06-22,179.21
2011-06-23,184.17
2011-06-24,188.18
2011-06-27,191.07
2011-06-28,197.85
2011-06-29,209.09
2011-06-30,206.19
2011-07-01,200.72
2011-07-04,210.02
2011-07-05,206.91
2011-07-06,207.36
2011-07-07,206.44
2011-07-08,206.33
2011-07-11,208.76
2011-07-12,210.47
2011-07-13,213.55
2011-07-14,214.96
2011-07-15,221.49
2011-07-18,224.51
2011-07-19,224.2
2011-07-20,223.11
2011-07-21,218.53
2011-07-22,209.8
2011-07-25,207.56
2011-07-26,216.05
2011-07-27,205.76
2011-07-28,210.27
2011-07-29,203.92
2011-08-01,201.4
2011-08-02,198.08
2011-08-03,202.48
2011-08-04,203.03
2011-08-05,198.96
2011-08-08,202.77
2011-08-09,202.65
2011-08-10,198.89
2011-08-11,201.19
2011-08-12,213.15
2011-08-15,208.07
2011-08-16,209.95
2011-08-17,207.95
2011-08-18,202.38
2011-08-19,206.0
2011-08-22,211.35
2011-08-23,207.67
2011-08-24,202.55
2011-08-25,205.19
2011-08-26,209.58
2011-08-29,214.29
2011-08-30,209.17
2011-08-31,215.97
2011-09-01,218.68
2011-09-02,219.47
2011-09-05,211.04
2011-09-06,216.73
2011-09-07,216.44
2011-09-08,216.55
2011-09-09,218.33
2011-09-12,215.72
2011-09-13,221.76
2011-09-14,226.92
2011-09-15,224.02
2011-09-16,223.59
2011-09-19,215.56
2011-09-20,217.38
2011-09-21,223.24
2011-09-22,222.09
2011-09-23,216.88
2011-09-26,210.85
2011-09-27,204.27
2011-09-28,207.39
2011-09-29,197.98
2011-09-30,204.97
2011-10-03,201.86
2011-10-04,209.5
2011-10-05,212.2
2011-10-06,210.41
2011-10-07,214.45
2011-10-10,217.68
2011-10-11,231.56
2011-10-12,237.82
2011-10-13,250.16
2011-10-14,258.68
2011-10-17,260.48
2011-10-18,264.59
2011-10-19,262.55
2011-10-20,253.37
2011-10-21,255.58
2011-10-24,256.7
2011-10-25,262.4
2011-10-26,256.05
2011-10-27,258.32
2011-10-28,258.9
2011-10-31,258.6
2011-11-01,258.57
2011-11-02,260.15
2011-11-03,255.2
2011-11-04,260.14
2011-11-07,255.61
2011-11-08,264.93
2011-11-09,265.0
2011-11-10,261.54
2011-11-11,265.99
2011-11-14,266.74
2011-11-15,265.21
2011-11-16,279.27
2011-11-17,275.96
2011-11-18,276.3
2011-11-21,274.54
2011-11-22,275.86
2011-11-23,288.2
2011-11-24,285.5
2011-11-25,288.76
2011-11-28,286.86
2011-11-29,282.85
2011-11-30,281.33
2011-12-01,296.84
2011-12-02,285.96
2011-12-05,307.13
2011-12-06,313.76
2011-12-07,308.6
2011-12-08,307.79
2011-12-09,300.36
2011-12-12,306.17
2011-12-13,302.91
2011-12-14,311.31
2011-12-15,335.91
2011-12-16,327.32
2011-12-19,331.38
2011-12-20,342.05
2011-12-21,333.36
2011-12-22,340.71
2011-12-23,339.03
2011-12-26,337.51
2011-12-27,338.91
2011-12-28,329.17
2011-12-29,352.86
2011-12-30,361.25
2012-01-02,361.5
2012-01-03,351.2
2012-01-04,352.58
2012-01-05,335.83
2012-01-06,345.99
2012-01-09,334.47
2012-01-10,334.7
2012-01-11,346.83
2012-01-12,353.76
2012-01-13,347.35
2012-01-16,343.76
2012-01-17,344.38
2012-01-18,341.87
2012-01-19,349.23
2012-01-20,345.02
2012-01-23,346.15
2012-01-24,338.89
2012-01-25,333.73
2012-01-26,334.33
2012-01-27,343.74
2012-01-30,342.89
2012-01-31,345.37
2012-02-01,338.64
2012-02-02,359.31
2012-02-03,367.13
2012-02-06,360.83
2012-02-07,349.61
2012-02-08,347.52
2012-02-09,346.52
2012-02-10,330.75
2012-02-13,337.36
2012-02-14,349.48
2012-02-15,338.21
2012-02-16,352.67
2012-02-17,352.51
2012-02-20,342.1
2012-02-21,351.48
2012-02-22,353.58
2012-02-23,358.85
2012-02-24,360.41
2012-02-27,361.46
2012-02-28,355.96
2012-02-29,365.25
2012-03-01,360.39
2012-03-02,364.98
2012-03-05,370.59
2012-03-06,351.41
2012-03-07,351.74
2012-03-08,349.71
2012-03-09,334.88
2012-03-12,344.31
2012-03-13,325.93
2012-03-14,327.63
2012-03-15,331.13
2012-03-16,341.46
2012-03-19,339.69
2012-03-20,348.28
2012-03-21,348.88
2012-03-22,354.03
2012-03-23,356.18
2012-03-26,384.0
2012-03-27,387.64
2012-03-28,390.76
2012-03-29,400.88
2012-03-30,386.97
2012-04-02,378.64
2012-04-03,390.08
2012-04-04,400.85
2012-04-05,413.85
2012-04-06,421.83
2012-04-09,439.59
2012-04-10,430.47
2012-04-11,415.31
2012-04-12,403.19
2012-04-13,398.29
2012-04-16,390.5
2012-04-17,377.84
2012-04-18,378.32
2012-04-19,371.1
2012-04-20,368.51
2012-04-23,370.69
2012-04-24,362.62
2012-04-25,370.22
2012-04-26,369.9
2012-04-27,359.92
2012-04-30,361.4
2012-05-01,361.28
2012-05-02,372.86
2012-05-03,381.76
2012-05-04,380.15
2012-05-07,382.64
2012-05-08,371.71
2012-05-09,381.22
2012-05-10,395.64
2012-05-11,390.38
2012-05-14,403.12
2012-05-15,398.35
2012-05-16,395.6
2012-05-17,382.38
2012-05-18,395.47
2012-05-21,377.99
2012-05-22,393.83
2012-05-23,398.15
2012-05-24,394.83
2012-05-25,385.75
2012-05-28,381.93
2012-05-29,368.55
2012-05-30,369.56
2012-05-31,382.87
2012-06-01,396.0
2012-06-04,394.18
2012-06-05,382.88
2012-06-06,396.39
2012-06-07,412.83
2012-06-08,413.89
2012-06-11,418.34
2012-06-12,408.71
2012-06-13,400.19
2012-06-14,405.29
2012-06-15,400.11
2012-06-18,382.25
2012-06-19,379.9
2012-06-20,374.19
2012-06-21,371.27
2012-06-22,373.49
2012-06-25,377.51
2012-06-26,389.29
2012-06-27,390.92
2012-06-28,372.48
2012-06-29,379.43
2012-07-02,385.63
2012-07-03,388.2
2012-07-04,407.66
2012-07-05,392.23
2012-07-06,397.41
2012-07-09,404.05
2012-07-10,401.06
2012-07-11,395.65
2012-07-12,397.7
2012-07-13,397.61
2012-07-16,412.07
2012-07-17,405.88
2012-07-18,411.35
2012-07-19,410.18
2012-07-20,413.14
2012-07-23,403.86
2012-07-24,404.09
2012-07-25,403.51
2012-07-26,422.33
2012-07-27,423.26
2012-07-30,429.79
2012-07-31,425.33
2012-08-01,434.79
2012-08-02,422.94
2012-08-03,406.84
2012-08-06,400.5
2012-08-07,396.39
2012-08-08,410.62
2012-08-09,410.77
2012-08-10,429.95
2012-08-13,432.87
2012-08-14,432.88
2012-08-15,432.06
2012-08-16,459.96
2012-08-17,477.19
2012-08-20,490.62
2012-08-21,504.96
2012-08-22,499.12
2012-08-23,496.27
2012-08-24,486.78
2012-08-27,496.91
2012-08-28,495.55
2012-08-29,484.79
2012-08-30,491.97
2012-08-31,490.13
2012-09-03,471.4
2012-09-04,463.57
2012-09-05,486.2
2012-09-06,500.32
2012-09-07,507.98
2012-09-10,503.96
2012-09-11,537.2
2012-09-12,545.1
2012-09-13,556.47
2012-09-14,568.47
2012-09-17,545.5
2012-09-18,552.76
2012-09-19,544.38
2012-09-20,532.35
2012-09-21,539.97
2012-09-24,551.25
2012-09-25,557.02
2012-09-26,573.31
2012-09-27,588.6
2012-09-28,593.69
2012-10-01,603.42
2012-10-02,597.76
2012-10-03,602.11
2012-10-04,597.22
2012-10-05,613.79
2012-10-08,613.57
2012-10-09,620.95
2012-10-10,627.4
2012-10-11,635.09
2012-10-12,620.71
2012-10-15,601.74
2012-10-16,578.07
2012-10-17,578.42
2012-10-18,601.8
2012-10-19,620.55
2012-10-22,603.36
2012-10-23,599.88
2012-10-24,585.22
2012-10-25,583.58
2012-10-26,616.53
2012-10-29,645.31
2012-10-30,653.96
2012-10-31,669.25
2012-11-01,614.99
2012-11-02,621.34
2012-11-05,625.19
2012-11-06,624.41
2012-11-07,635.73
2012-11-08,642.59
2012-11-09,644.46
2012-11-12,632.57
2012-11-13,657.92
2012-11-14,658.28
2012-11-15,696.04
2012-11-16,680.23
2012-11-19,681.56
2012-11-20,682.13
2012-11-21,682.07
2012-11-22,698.43
2012-11-23,700.44
2012-11-26,708.81
2012-11-27,689.83
2012-11-28,681.06
2012-11-29,670.1
2012-11-30,656.05
2012-12-03,637.84
2012-12-04,649.59
2012-12-05,674.62
2012-12-06,692.68
2012-12-07,710.64
2012-12-10,695.51
2012-12-11,687.56
2012-12-12,707.03
2012-12-13,716.67
2012-12-14,699.42
2012-12-17,706.16
2012-12-18,704.25
2012-12-19,674.65
2012-12-20,690.82
2012-12-21,686.88
2012-12-24,678.88
2012-12-25,696.53
2012-12-26,702.53
2012-12-27,731.27
2012-12-28,707.87
2012-12-31,695.56
2013-01-01,728.42
2013-01-02,722.2
2013-01-03,730.59
2013-01-04,759.54
2013-01-07,733.05
2013-01-08,727.61
2013-01-09,697.96
2013-01-10,660.5
2013-01-11,671.84
2013-01-14,676.64
2013-01-15,666.12
2013-01-16,656.32
2013-01-17,680.1
2013-01-18,677.49
2013-01-21,682.25
2013-01-22,675.13
2013-01-23,676.57
2013-01-24,680.12
2013-01-25,678.1
2013-01-28,676.17
2013-01-29,704.95
2013-01-30,717.7
2013-01-31,717.95
2013-02-01,724.78
2013-02-04,716.59
2013-02-05,716.34
2013-02-06,724.33
2013-02-07,731.33
2013-02-08,729.75
2013-02-11,724.31
2013-02-12,710.65
2013-02-13,737.11
2013-02-14,713.87
2013-02-15,713.72
2013-02-18,751.77
2013-02-19,778.02
2013-02-20,738.21
2013-02-21,733.3
2013-02-22,773.5
2013-02-25,780.38
2013-02-26,794.37
2013-02-27,772.11
2013-02-28,729.0
2013-03-01,736.11
2013-03-04,747.58
2013-03-05,742.44
2013-03-06,742.7
2013-03-07,751.6
2013-03-08,766.85
2013-03-11,767.23
2013-03-12,735.66
2013-03-13,712.54
2013-03-14,696.55
2013-03-15,731.8
2013-03-18,758.52
2013-03-19,785.59
2013-03-20,763.04
2013-03-21,795.45
2013-03-22,849.6
2013-03-25,828.87
2013-03-26,867.47
2013-03-27,886.25
2013-03-28,852.42
2013-03-29,834.99
2013-04-01,820.78
2013-04-02,824.51
2013-04-03,824.02
2013-04-04,871.76
2013-04-05,872.92
2013-04-08,894.08
2013-04-09,878.31
2013-04-10,887.88
2013-04-11,915.83
2013-04-12,872.62
2013-04-15,859.24
2013-04-16,852.93
2013-04-17,869.39
2013-04-18,900.49
2013-04-19,918.97
2013-04-22,891.19
2013-04-23,912.11
2013-04-24,906.59
2013-04-25,903.89
2013-04-26,897.72
2013-04-29,877.0
2013-04-30,928.82
2013-05-01,895.64
2013-05-02,868.37
2013-05-03,858.86
2013-05-06,840.99
2013-05-07,863.98
2013-05-08,880.62
2013-05-09,875.63
2013-05-10,844.84
2013-05-13,841.72
2013-05-14,820.01
2013-05-15,816.17
2013-05-16,816.24
2013-05-17,823.63
2013-05-20,811.19
2013-05-21,806.94
2013-05-22,819.87
2013-05-23,840.83
2013-05-24,827.04
2013-05-27,794.29
2013-05-28,772.7
2013-05-29,760.26
2013-05-30,760.58
2013-05-31,748.21
2013-06-03,751.07
2013-06-04,770.04
2013-06-05,763.87
2013-06-06,771.06
2013-06-07,808.74
2013-06-10,804.21
2013-06-11,807.32
2013-06-12,819.99
2013-06-13,810.98
2013-06-14,773.66
2013-06-17,741.36
2013-06-18,730.19
2013-06-19,742.32
2013-06-20,729.06
2013-06-21,735.53
2013-06-24,730.64
2013-06-25,728.65
2013-06-26,727.27
2013-06-27,753.31
2013-06-28,777.81
2013-07-01,765.3
2013-07-02,787.96
2013-07-03,780.55
2013-07-04,774.94
2013-07-05,769.17
2013-07-08,765.5
2013-07-09,790.41
2013-07-10,793.59
2013-07-11,809.88
2013-07-12,837.58
2013-07-15,845.64
2013-07-16,827.48
2013-07-17,834.31
2013-07-18,824.33
2013-07-19,836.65
2013-07-22,854.09
2013-07-23,856.61
2013-07-24,922.89
2013-07-25,940.6
2013-07-26,920.86
2013-07-29,920.67
2013-07-30,975.61
2013-07-31,938.1
2013-08-01,973.04
2013-08-02,972.73
2013-08-05,975.4
2013-08-06,954.01
2013-08-07,970.4
2013-08-08,947.71
2013-08-09,921.26
2013-08-12,934.9
2013-08-13,896.63
2013-08-14,867.45
2013-08-15,862.01
2013-08-16,830.56
2013-08-19,841.68
2013-08-20,863.88
2013-08-21,878.59
2013-08-22,887.15
2013-08-23,877.14
2013-08-26,880.45
2013-08-27,882.18
2013-08-28,914.69
2013-08-29,890.14
2013-08-30,880.4
2013-09-02,901.19
2013-09-03,928.8
2013-09-04,934.08
2013-09-05,917.85
2013-09-06,862.0
2013-09-09,845.57
2013-09-10,853.77
2013-09-11,847.85
2013-09-12,809.68
2013-09-13,862.51
2013-09-16,824.53
2013-09-17,819.86
2013-09-18,835.5
2013-09-19,849.34
2013-09-20,839.38
2013-09-23,843.63
2013-09-24,846.73
2013-09-25,846.03
2013-09-26,872.31
2013-09-27,860.92
2013-09-30,868.89
2013-10-01,877.05
2013-10-02,851.58
2013-10-03,854.12
2013-10-04,871.37
2013-10-07,873.69
2013-10-08,847.3
2013-10-09,824.53
2013-10-10,849.67
2013-10-11,858.36
2013-10-14,875.37
2013-10-15,876.79
2013-10-16,888.63
2013-10-17,866.49
2013-10-18,869.86
2013-10-21,866.29
2013-10-22,861.22
2013-10-23,877.07
2013-10-24,875.13
2013-10-25,893.65
2013-10-28,859.75
2013-10-29,842.8
2013-10-30,844.71
2013-10-31,840.73
2013-11-01,823.83
2013-11-04,792.77
2013-11-05,826.33
2013-11-06,864.82
2013-11-07,876.14
2013-11-08,879.98
2013-11-11,893.88
2013-11-12,875.51
2013-11-13,815.25
2013-11-14,809.7
2013-11-15,779.21
2013-11-18,771.56
2013-11-19,760.44
2013-11-20,768.27
2013-11-21,765.07
2013-11-22,799.59
2013-11-25,777.17
2013-11-26,769.28
2013-11-27,754.79
2013-11-28,761.39
2013-11-29,753.51
2013-12-02,763.75
2013-12-03,767.99
2013-12-04,751.72
2013-12-05,774.13
2013-12-06,770.57
2013-12-09,789.5
2013-12-10,828.85
2013-12-11,855.19
2013-12-12,848.04
2013-12-13,808.2
2013-12-16,802.83
2013-12-17,807.32
2013-12-18,784.81
2013-12-19,798.88
2013-12-20,811.35
2013-12-23,846.41
2013-12-24,849.3
2013-12-25,836.35
2013-12-26,791.83
2013-12-27,764.33
2013-12-30,763.19
2013-12-31,808.45
2014-01-01,835.34
2014-01-02,855.25
2014-01-03,840.83
2014-01-06,815.64
2014-01-07,808.39
2014-01-08,780.52
2014-01-09,781.28
2014-01-10,792.66
2014-01-13,794.21
2014-01-14,807.84
2014-01-15,822.54
2014-01-16,819.73
2014-01-17,830.08
2014-01-20,831.53
2014-01-21,850.35
2014-01-22,875.18
2014-01-23,919.61
2014-01-24,909.34
2014-01-27,917.33
2014-01-28,921.75
2014-01-29,929.87
2014-01-30,932.27
2014-01-31,965.48
2014-02-03,921.17
2014-02-04,890.66
2014-02-05,884.23
2014-02-06,896.09
2014-02-07,929.51
2014-02-10,940.51
2014-02-11,975.03
2014-02-12,951.05
2014-02-13,964.38
2014-02-14,976.47
2014-02-17,1001.93
2014-02-18,948.77
2014-02-19,927.24
2014-02-20,952.65
2014-02-21,929.54
2014-02-24,886.69
2014-02-25,942.13
2014-02-26,967.02
2014-02-27,960.88
2014-02-28,946.31
2014-03-03,941.62
2014-03-04,888.55
2014-03-05,874.16
2014-03-06,889.52
2014-03-07,885.27
2014-03-10,907.52
2014-03-11,963.8
2014-03-12,987.69
2014-03-13,988.66
2014-03-14,959.56
2014-03-17,952.92
2014-03-18,901.93
2014-03-19,889.43
2014-03-20,887.58
2014-03-21,858.07
2014-03-24,848.16
2014-03-25,864.26
2014-03-26,866.48
2014-03-27,886.99
2014-03-28,913.21
2014-03-31,925.37
2014-04-01,961.19
2014-04-02,949.8
2014-04-03,939.7
2014-04-04,891.2
2014-04-07,902.35
2014-04-08,919.6
2014-04-09,917.36
2014-04-10,891.4
2014-04-11,885.83
2014-04-14,893.63
2014-04-15,902.66
2014-04-16,910.24
2014-04-17,899.9
2014-04-18,907.4
2014-04-21,915.25
2014-04-22,956.54
2014-04-23,940.28
2014-04-24,954.38
2014-04-25,957.3
2014-04-28,1011.99
2014-04-29,1035.16
2014-04-30,1015.15
2014-05-01,1008.88
2014-05-02,994.08
2014-05-05,972.82
2014-05-06,954.57
2014-05-07,953.51
2014-05-08,927.88
2014-05-09,935.69
2014-05-12,963.17
2014-05-13,938.48
2014-05-14,919.46
2014-05-15,948.65
2014-05-16,920.96
2014-05-19,929.08
2014-05-20,901.76
2014-05-21,911.31
2014-05-22,891.37
2014-05-23,902.6
2014-05-26,878.76
2014-05-27,889.06
2014-05-28,843.6
2014-05-29,837.3
2014-05-30,812.65
2014-06-02,825.14
2014-06-03,824.43
2014-06-04,817.07
2014-06-05,795.82
2014-06-06,789.61
2014-06-09,804.95
2014-06-10,780.92
2014-06-11,814.3
2014-06-12,816.81
2014-06-13,820.73
2014-06-16,789.64
2014-06-17,787.28
2014-06-18,780.88
2014-06-19,815.59
2014-06-20,844.12
2014-06-23,812.5
2014-06-24,808.24
2014-06-25,865.42
2014-06-26,874.34
2014-06-27,861.99
2014-06-30,898.33
2014-07-01,910.5
2014-07-02,893.11
2014-07-03,904.31
2014-07-04,904.22
2014-07-07,951.58
2014-07-08,947.36
2014-07-09,941.56
2014-07-10,963.4
2014-07-11,974.45
2014-07-14,963.83
2014-07-15,943.67
2014-07-16,988.12
2014-07-17,1030.93
2014-07-18,984.23
2014-07-21,994.18
2014-07-22,1025.56
2014-07-23,1067.49
2014-07-24,1081.87
2014-07-25,1077.43
2014-07-28,1084.69
2014-07-29,1157.24
2014-07-30,1149.18
2014-07-31,1158.99
2014-08-01,1176.38
2014-08-04,1208.45
2014-08-05,1202.77
2014-08-06,1217.34
2014-08-07,1257.14
2014-08-08,1249.53
2014-08-11,1244.27
2014-08-12,1265.03
2014-08-13,1316.15
2014-08-14,1327.81
2014-08-15,1341.21
2014-08-18,1310.83
2014-08-19,1317.43
2014-08-20,1295.3
2014-08-21,1363.16
2014-08-22,1363.09
2014-08-25,1387.24
2014-08-26,1435.58
2014-08-27,1394.26
2014-08-28,1385.14
2014-08-29,1385.89
2014-09-01,1405.81
2014-09-02,1424.49
2014-09-03,1421.52
2014-09-04,1403.87
2014-09-05,1407.27
2014-09-08,1348.33
2014-09-09,1369.63
2014-09-10,1290.08
2014-09-11,1323.06
2014-09-12,1300.7
2014-09-15,1335.6
2014-09-16,1332.16
2014-09-17,1300.18
2014-09-18,1291.85
2014-09-19,1281.41
2014-09-22,1276.31
2014-09-23,1282.81
2014-09-24,1233.66
2014-09-25,1199.78
2014-09-26,1203.57
2014-09-29,1157.11
2014-09-30,1156.65
2014-10-01,1168.79
2014-10-02,1162.21
2014-10-03,1157.93
2014-10-06,1144.04
2014-10-07,1091.11
2014-10-08,1141.7
2014-10-09,1092.51
2014-10-10,1133.0
2014-10-13,1130.97
2014-10-14,1102.92
2014-10-15,1112.71
2014-10-16,1125.16
2014-10-17,1155.13
2014-10-20,1122.54
2014-10-21,1135.74
2014-10-22,1150.76
2014-10-23,1141.71
2014-10-24,1138.59
2014-10-27,1142.14
2014-10-28,1129.13
2014-10-29,1136.98
2014-10-30,1125.07
2014-10-31,1125.05
2014-11-03,1127.44
2014-11-04,1128.56
2014-11-05,1201.34
2014-11-06,1187.29
2014-11-07,1141.53
2014-11-10,1155.46
2014-11-11,1177.92
2014-11-12,1193.25
2014-11-13,1201.63
2014-11-14,1181.49
2014-11-17,1135.93
2014-11-18,1154.82
2014-11-19,1157.72
2014-11-20,1145.83
2014-11-21,1156.65
2014-11-24,1190.83
2014-11-25,1207.82
2014-11-26,1240.7
2014-11-27,1258.56
2014-11-28,1263.81
2014-12-01,1267.72
2014-12-02,1219.52
2014-12-03,1278.74
2014-12-04,1255.6
2014-12-05,1256.06
2014-12-08,1259.98
2014-12-09,1262.45
2014-12-10,1235.4
2014-12-11,1251.87
2014-12-12,1219.19
2014-12-15,1226.9
2014-12-16,1186.47
2014-12-17,1159.44
2014-12-18,1181.99
2014-12-19,1209.94
2014-12-22,1238.09
2014-12-23,1265.03
2014-12-24,1264.06
2014-12-25,1235.3
2014-12-26,1227.82
2014-12-29,1284.35
2014-12-30,1282.65
2014-12-31,1316.47
2015-01-01,1333.65
2015-01-02,1342.06
2015-01-05,1374.7
2015-01-06,1444.24
2015-01-07,1397.13
2015-01-08,1371.93
2015-01-09,1368.61
2015-01-12,1403.44
2015-01-13,1429.6
2015-01-14,1467.56
2015-01-15,1518.41
2015-01-16,1517.97
2015-01-19,1527.36
2015-01-20,1474.78
2015-01-21,1527.74
2015-01-22,1538.67
2015-01-23,1540.64
2015-01-26,1582.96
2015-01-27,1607.98
2015-01-28,1588.22
2015-01-29,1569.16
2015-01-30,1598.14
2015-02-02,1547.25
2015-02-03,1593.34
2015-02-04,1557.22
2015-02-05,1568.07
2015-02-06,1495.88
2015-02-09,1533.97
2015-02-10,1541.57
2015-02-11,1547.56
2015-02-12,1592.07
2015-02-13,1582.53
2015-02-16,1603.89
2015-02-17,1611.86
2015-02-18,1615.04
2015-02-19,1636.66
2015-02-20,1626.17
2015-02-23,1684.33
2015-02-24,1633.91
2015-02-25,1702.17
2015-02-26,1736.62
2015-02-27,1767.5
2015-03-02,1754.29
2015-03-03,1771.72
2015-03-04,1777.36
2015-03-05,1792.54
2015-03-06,1756.72
2015-03-09,1795.75
2015-03-10,1788.79
2015-03-11,1797.63
2015-03-12,1821.65
2015-03-13,1853.28
2015-03-16,1899.75
2015-03-17,1893.48
2015-03-18,1870.26
2015-03-19,1942.32
2015-03-20,1925.31
2015-03-23,1956.23
2015-03-24,2004.55
2015-03-25,2032.91
2015-03-26,2129.59
2015-03-27,2157.95
2015-03-30,2166.63
2015-03-31,2229.13
2015-04-01,2103.21
2015-04-02,2004.92
2015-04-03,1932.59
2015-04-06,1950.53
2015-04-07,1935.87
2015-04-08,2004.94
2015-04-09,1996.88
2015-04-10,2030.15
2015-04-13,2090.52
2015-04-14,2074.45
2015-04-15,2131.0
2015-04-16,2050.49
2015-04-17,1944.94
2015-04-20,1979.34
2015-04-21,2024.26
2015-04-22,1983.73
2015-04-23,1930.59
2015-04-24,1945.4
2015-04-27,1991.19
2015-04-28,2018.21
2015-04-29,2012.76
2015-04-30,2043.61
2015-05-01,2052.89
2015-05-04,2065.48
2015-05-05,2049.59
2015-05-06,2037.92
2015-05-07,1982.88
2015-05-08,2096.42
2015-05-11,2064.73
2015-05-12,2112.24
2015-05-13,2075.58
2015-05-14,2109.48
2015-05-15,2172.64
2015-05-18,2231.98
2015-05-19,2309.45
2015-05-20,2363.57
2015-05-21,2456.74
2015-05-22,2449.74
2015-05-25,2408.11
2015-05-26,2311.66
2015-05-27,2333.35
2015-05-28,2285.47
2015-05-29,2269.44
2015-06-01,2303.38
2015-06-02,2237.69
2015-06-03,2255.56
2015-06-04,2256.17
2015-06-05,2425.6
2015-06-08,2498.2
2015-06-09,2537.77
2015-06-10,2523.88
2015-06-11,2494.6
2015-06-12,2507.49
2015-06-15,2562.58
2015-06-16,2463.18
2015-06-17,2430.76
2015-06-18,2621.74
2015-06-19,2764.93
2015-06-22,2707.64
2015-06-23,2713.74
2015-06-24,2846.78
2015-06-25,2713.17
2015-06-26,2689.67
2015-06-29,2648.98
2015-06-30,2690.3
2015-07-01,2782.02
2015-07-02,2890.12
2015-07-03,2787.46
2015-07-06,2777.02
2015-07-07,2665.41
2015-07-08,2663.82
2015-07-09,2729.74
2015-07-10,2785.01
2015-07-13,2812.28
2015-07-14,2763.63
2015-07-15,2593.69
2015-07-16,2668.44
2015-07-17,2603.24
2015-07-20,2565.1
2015-07-21,2476.82
2015-07-22,2545.88
2015-07-23,2690.68
2015-07-24,2641.87
2015-07-27,2597.85
2015-07-28,2692.15
2015-07-29,2818.81
2015-07-30,2865.1
2015-07-31,2881.57
2015-08-03,2905.31
2015-08-04,2907.53
2015-08-05,2964.67
2015-08-06,2968.0
2015-08-07,3123.41
2015-08-10,3235.08
2015-08-11,3095.42
2015-08-12,3209.78
2015-08-13,3320.59
2015-08-14,3395.9
2015-08-17,3476.43
2015-08-18,3532.46
2015-08-19,3643.27
2015-08-20,3582.03
2015-08-21,3608.5
2015-08-24,3508.2
2015-08-25,3498.99
2015-08-26,3381.42
2015-08-27,3343.91
2015-08-28,3373.06
2015-08-31,3456.09
2015-09-01,3561.63
2015-09-02,3622.58
2015-09-03,3568.54
2015-09-04,3674.24
2015-09-07,3693.84
2015-09-08,3727.14
2015-09-09,3710.16
2015-09-10,3773.34
2015-09-11,3758.29
2015-09-14,3865.48
2015-09-15,3865.2
2015-09-16,3945.06
2015-09-17,3830.64
2015-09-18,3760.53
2015-09-21,3564.23
2015-09-22,3535.37
2015-09-23,3452.25
2015-09-24,3415.35
2015-09-25,3575.01
2015-09-28,3562.67
2015-09-29,3564.73
2015-09-30,3598.77
2015-10-01,3626.03
2015-10-02,3728.23
2015-10-05,3740.92
2015-10-06,3711.23
2015-10-07,3702.54
2015-10-08,3860.04
2015-10-09,3852.21
2015-10-12,3751.22
2015-10-13,3914.27
2015-10-14,3985.04
2015-10-15,4152.99
2015-10-16,4156.38
2015-10-19,4271.84
2015-10-20,4257.83
2015-10-21,4262.32
2015-10-22,4043.67
2015-10-23,4091.04
2015-10-26,4006.16
2015-10-27,3842.34
2015-10-28,3963.18
2015-10-29,3954.54
2015-10-30,3906.33
2015-11-02,4010.17
2015-11-03,4268.58
2015-11-04,4497.39
2015-11-05,4436.66
2015-11-06,4303.19
2015-11-09,4446.39
2015-11-10,4426.31
2015-11-11,4316.46
2015-11-12,4308.41
2015-11-13,4251.12
2015-11-16,4500.35
2015-11-17,4491.73
2015-11-18,4584.5
2015-11-19,4703.9
2015-11-20,4567.37
2015-11-23,4508.67
2015-11-24,4313.09
2015-11-25,4233.32
2015-11-26,4163.95
2015-11-27,4315.63
2015-11-30,4322.88
2015-12-01,4348.05
2015-12-02,4362.41
2015-12-03,4348.29
2015-12-04,4310.67
2015-12-07,4315.51
2015-12-08,4251.4
2015-12-09,4046.31
2015-12-10,4218.67
2015-12-11,4536.27
2015-12-14,4526.26
2015-12-15,4463.4
2015-12-16,4657.79
2015-12-17,4686.48
2015-12-18,4562.18
2015-12-21,4633.23
2015-12-22,4539.31
2015-12-23,4593.15
2015-12-24,4559.17
2015-12-25,4712.29
2015-12-28,4658.5
2015-12-29,4643.96
2015-12-30,4531.98
2015-12-31,4362.5
2016-01-01,4339.89
2016-01-04,4273.08
2016-01-05,4363.95
2016-01-06,4623.58
2016-01-07,4782.83
2016-01-08,4989.33
2016-01-11,4874.29
2016-01-12,4700.39
2016-01-13,4678.12
2016-01-14,4600.34
2016-01-15,4599.74
2016-01-18,4530.61
2016-01-19,4537.84
2016-01-20,4572.7
2016-01-21,4611.12
2016-01-22,4602.88
2016-01-25,4606.68
2016-01-26,4757.46
2016-01-27,4835.8
2016-01-28,4989.38
2016-01-29,5065.26
2016-02-01,5050.25
2016-02-02,4866.29
2016-02-03,5029.01
2016-02-04,5204.69
2016-02-05,5276.81
2016-02-08,5585.0
2016-02-09,5722.4
2016-02-10,5712.5
2016-02-11,5771.02
2016-02-12,5755.77
2016-02-15,5729.0
2016-02-16,5636.88
2016-02-17,5714.62
2016-02-18,5762.81
2016-02-19,5833.33
2016-02-22,5818.3
2016-02-23,5763.25
2016-02-24,5833.0
2016-02-25,6032.15
2016-02-26,6228.07
2016-02-29,6278.23
2016-03-01,6349.79
2016-03-02,6488.74
2016-03-03,6584.02
2016-03-04,6546.51
2016-03-07,6637.0
2016-03-08,6593.49
2016-03-09,6446.21
2016-03-10,6388.4
2016-03-11,6253.98
2016-03-14,6297.43
2016-03-15,6278.87
2016-03-16,6472.32
2016-03-17,6817.78
2016-03-18,6858.89
2016-03-21,7094.54
2016-03-22,7253.38
2016-03-23,7192.69
2016-03-24,7171.48
2016-03-25,7041.93
2016-03-28,6840.42
2016-03-29,6974.37
2016-03-30,7016.63
2016-03-31,7002.45
2016-04-01,6994.5
2016-04-04,7107.79
2016-04-05,7069.24
2016-04-06,7002.75
2016-04-07,6688.0
2016-04-08,7062.75
2016-04-11,7477.36
2016-04-12,7561.92
2016-04-13,7533.97
2016-04-14,7255.95
2016-04-15,7366.36
2016-04-18,7424.49
2016-04-19,7458.25
2016-04-20,7370.84
2016-04-21,7597.64
2016-04-22,7599.43
2016-04-25,7179.62
2016-04-26,7018.75
2016-04-27,6951.11
2016-04-28,6825.73
2016-04-29,6891.12
2016-05-02,7269.61
2016-05-03,7439.86
2016-05-04,7524.31
2016-05-05,7915.13
2016-05-06,8003.98
2016-05-09,8000.08
2016-05-10,8091.27
2016-05-11,7877.1
2016-05-12,7664.69
2016-05-13,7569.9
2016-05-16,7524.46
2016-05-17,7524.52
2016-05-18,7192.55
2016-05-19,7094.66
2016-05-20,7090.0
2016-05-23,6848.68
2016-05-24,6834.95
2016-05-25,6945.97
2016-05-26,7125.53
2016-05-27,7223.17
2016-05-30,7512.25
2016-05-31,7525.62
2016-06-01,7560.55
2016-06-02,7209.93
2016-06-03,7226.44
2016-06-06,7291.91
2016-06-07,7213.44
2016-06-08,7354.37
2016-06-09,7190.65
2016-06-10,7392.68
2016-06-13,7361.59
2016-06-14,7475.43
2016-06-15,7507.08
2016-06-16,7637.29
2016-06-17,7967.96
2016-06-20,7906.43
2016-06-21,7804.47
2016-06-22,7743.03
2016-06-23,7768.14
2016-06-24,7677.43
2016-06-27,7338.81
2016-06-28,7579.03
2016-06-29,7520.6
2016-06-30,7340.14
2016-07-01,6864.37
2016-07-04,7190.45
2016-07-05,7098.48
2016-07-06,7011.29
2016-07-07,6965.91
2016-07-08,6842.11
2016-07-11,6946.66
2016-07-12,6963.12
2016-07-13,6710.19
2016-07-14,6699.95
2016-07-15,7067.89
2016-07-18,6943.44
2016-07-19,6850.87
2016-07-20,6852.22
2016-07-21,6711.77
2016-07-22,6503.13
2016-07-25,6441.59
2016-07-26,6374.74
2016-07-27,6202.21
2016-07-28,6104.94
2016-07-29,6123.78
2016-08-01,5925.72
2016-08-02,6095.8
2016-08-03,6099.84
2016-08-04,6024.0
2016-08-05,5842.9
2016-08-08,5479.89
2016-08-09,5414.99
2016-08-10,5482.43
2016-08-11,5522.21
2016-08-12,5447.95
2016-08-15,5426.41
2016-08-16,5622.56
2016-08-17,5641.36
2016-08-18,5848.67
2016-08-19,6050.84
2016-08-22,6208.81
2016-08-23,6080.12
2016-08-24,6110.84
2016-08-25,6133.9
2016-08-26,6096.07
2016-08-29,6273.61
2016-08-30,6452.73
2016-08-31,6386.01
2016-09-01,6819.11
2016-09-02,6807.48
2016-09-05,6712.28
2016-09-06,6577.83
2016-09-07,6750.71
2016-09-08,6619.33
2016-09-09,6385.05
2016-09-12,6021.24
2016-09-13,6154.48
2016-09-14,5805.48
2016-09-15,5676.91
2016-09-16,5587.17
2016-09-19,5786.88
2016-09-20,5878.74
2016-09-21,6019.03
2016-09-22,5779.38
2016-09-23,5735.21
2016-09-26,5806.86
2016-09-27,5828.77
2016-09-28,5860.91
2016-09-29,6131.97
2016-09-30,6076.18
2016-10-03,6135.75
2016-10-04,5972.23
2016-10-05,6011.63
2016-10-06,6146.74
2016-10-07,6276.95
2016-10-10,6366.98
2016-10-11,6405.63
2016-10-12,6211.58
2016-10-13,6336.94
2016-10-14,5999.43
2016-10-17,6122.57
2016-10-18,5916.94
2016-10-19,6174.04
2016-10-20,6354.17
2016-10-21,6340.14
2016-10-24,6212.02
2016-10-25,6187.77
2016-10-26,6109.5
2016-10-27,6121.63
2016-10-28,5989.35
2016-10-31,6049.7
2016-11-01,5969.64
2016-11-02,5851.23
2016-11-03,5837.44
2016-11-04,5744.05
2016-11-07,5746.3
2016-11-08,5963.46
2016-11-09,6158.29
2016-11-10,6048.4
2016-11-11,6035.24
2016-11-14,6304.42
2016-11-15,6414.67
2016-11-16,6393.8
2016-11-17,6662.26
2016-11-18,6639.14
2016-11-21,6675.61
2016-11-22,7072.56
2016-11-23,6832.61
2016-11-24,6881.29
2016-11-25,6661.25
2016-11-28,6573.08
2016-11-29,6595.98
2016-11-30,6515.16
2016-12-01,6657.77
2016-12-02,6669.21
2016-12-05,6581.56
2016-12-06,6741.69
2016-12-07,6741.9
2016-12-08,6651.32
2016-12-09,6640.47
2016-12-12,6757.27
2016-12-13,6591.13
2016-12-14,6639.81
2016-12-15,6693.2
2016-12-16,6793.78
2016-12-19,6547.6
2016-12-20,6340.98
2016-12-21,6320.25
2016-12-22,6483.42
2016-12-23,6381.55
2016-12-26,6598.83
2016-12-27,6622.31
2016-12-28,6921.94
2016-12-29,7062.37
2016-12-30,7059.88
2017-01-02,7236.91
2017-01-03,7515.97
2017-01-04,7820.41
2017-01-05,7542.55
2017-01-06,7587.48
2017-01-09,7695.17
2017-01-10,7640.19
2017-01-11,7530.62
2017-01-12,7585.84
2017-01-13,7470.7
2017-01-16,7529.6
2017-01-17,7436.64
2017-01-18,7247.66
2017-01-19,7543.65
2017-01-20,7547.11
2017-01-23,7267.48
2017-01-24,7431.38
2017-01-25,7677.28
2017-01-26,7729.31
2017-01-27,7450.72
2017-01-30,7565.06
2017-01-31,7618.54
2017-02-01,7908.89
2017-02-02,8022.69
2017-02-03,8043.73
2017-02-06,8062.99
2017-02-07,8060.9
2017-02-08,8111.32
2017-02-09,7599.15
2017-02-10,7547.81
2017-02-13,7802.64
2017-02-14,7579.48
2017-02-15,7630.54
2017-02-16,7774.82
2017-02-17,7612.34
2017-02-20,7608.83
2017-02-21,7490.25
2017-02-22,7769.05
2017-02-23,7791.0
2017-02-24,7938.55
2017-02-27,7848.03
2017-02-28,7859.52
2017-03-01,7965.98
2017-03-02,7670.84
2017-03-03,7503.61
2017-03-06,7934.59
2017-03-07,8193.42
2017-03-08,8349.35
2017-03-09,8399.96
2017-03-10,8901.61
2017-03-13,8925.67
2017-03-14,9385.15
2017-03-15,9778.56
2017-03-16,9950.28
2017-03-17,9682.45
2017-03-20,9420.92
2017-03-21,9598.19
2017-03-22,10047.76
2017-03-23,10132.74
2017-03-24,10109.83
2017-03-27,10219.65
2017-03-28,10043.37
2017-03-29,9978.21
2017-03-30,9655.91
2017-03-31,10047.83
2017-04-03,10086.79
2017-04-04,10278.72
2017-04-05,10196.54
2017-04-06,9935.86
2017-04-07,10024.71
2017-04-10,10466.43
2017-04-11,10754.37
2017-04-12,10838.05
2017-04-13,11121.51
2017-04-14,10913.18
2017-04-17,11159.88
2017-04-18,11566.69
2017-04-19,11459.38
2017-04-20,11374.35
2017-04-21,11380.74
2017-04-24,11365.08
2017-04-25,12031.18
2017-04-26,12238.72
2017-04-27,12187.41
2017-04-28,12478.93
2017-05-01,12628.64
2017-05-02,12866.99
2017-05-03,13036.14
2017-05-04,13303.26
2017-05-05,13765.26
2017-05-08,13390.95
2017-05-09,14127.6
2017-05-10,14140.14
2017-05-11,14322.1
2017-05-12,14234.85
2017-05-15,13951.8
2017-05-16,13770.94
2017-05-17,13703.12
2017-05-18,13825.06
2017-05-19,13742.82
2017-05-22,14728.66
2017-05-23,14537.88
2017-05-24,14541.15
2017-05-25,14909.06
2017-05-26,14949.53
2017-05-29,15531.37
2017-05-30,15023.53
2017-05-31,15001.79
2017-06-01,14820.25
2017-06-02,15031.55
2017-06-05,14684.41
2017-06-06,15108.03
2017-06-07,14996.72
2017-06-08,15355.4
2017-06-09,15101.23
2017-06-12,14341.43
2017-06-13,14731.53
2017-06-14,14863.32
2017-06-15,14321.86
2017-06-16,14447.99
2017-06-19,13880.87
2017-06-20,13843.55
2017-06-21,14086.51
2017-06-22,14011.46
2017-06-23,14238.05
2017-06-26,14361.89
2017-06-27,14338.24
2017-06-28,14058.09
2017-06-29,14298.99
2017-06-30,14838.95
2017-07-03,14496.44
2017-07-04,15026.51
2017-07-05,15208.78
2017-07-06,15352.51
2017-07-07,15473.53
2017-07-10,15204.14
2017-07-11,15474.11
2017-07-12,16059.5
2017-07-13,15986.34
2017-07-14,16912.21
2017-07-17,17207.22
2017-07-18,17107.14
2017-07-19,17713.64
2017-07-20,18506.06
2017-07-21,18694.38
2017-07-24,18861.55
2017-07-25,19097.63
2017-07-26,19322.49
2017-07-27,19815.38
2017-07-28,19880.82
2017-07-31,20011.48
2017-08-01,20214.96
2017-08-02,21850.11
2017-08-03,21502.57
2017-08-04,21056.97
2017-08-07,20778.77
2017-08-08,22271.26
2017-08-09,21809.32
2017-08-10,21995.6
2017-08-11,22583.18
2017-08-14,23036.79
2017-08-15,23651.78
2017-08-16,23952.14
2017-08-17,24525.35
2017-08-18,23464.15
2017-08-21,23620.17
2017-08-22,24986.71
2017-08-23,24673.58
2017-08-24,24149.27
2017-08-25,24618.4
2017-08-28,23974.22
2017-08-29,24574.37
2017-08-30,25796.13
2017-08-31,27246.28
2017-09-01,27613.26
2017-09-04,28682.16
2017-09-05,28949.02
2017-09-06,27960.6
2017-09-07,27463.8
2017-09-08,27285.1
2017-09-11,27844.12
2017-09-12,28883.33
2017-09-13,29018.83
2017-09-14,28762.04
2017-09-15,29670.8
2017-09-18,30802.4
2017-09-19,32225.25
2017-09-20,31571.3
2017-09-21,32194.15
2017-09-22,32743.05
2017-09-25,33698.69
2017-09-26,32459.49
2017-09-27,32569.46
2017-09-28,33675.74
2017-09-29,32936.17
2017-10-02,32917.79
2017-10-03,33506.9
2017-10-04,33363.35
2017-10-05,33000.04
2017-10-06,33870.6
2017-10-09,34890.24
2017-10-10,36646.62
2017-10-11,37150.77
2017-10-12,36027.22
2017-10-13,37369.06
2017-10-16,36988.04
2017-10-17,37372.85
2017-10-18,37505.82
2017-10-19,37651.34
2017-10-20,38071.36
2017-10-23,38000.29
2017-10-24,37030.41
2017-10-25,36949.37
2017-10-26,36610.73
2017-10-27,36488.15
2017-10-30,36891.94
2017-10-31,37102.38
2017-11-01,37023.12
2017-11-02,36269.6
2017-11-03,36683.8
2017-11-06,36247.37
2017-11-07,35395.92
2017-11-08,35656.46
2017-11-09,38084.18
2017-11-10,40003.71
2017-11-13,40652.36
2017-11-14,41558.71
2017-11-15,42865.86
2017-11-16,45079.17
2017-11-17,46387.09
2017-11-20,45866.01
2017-11-21,46503.74
2017-11-22,46875.21
2017-11-23,45592.94
2017-11-24,45726.27
2017-11-27,47872.4
2017-11-28,48022.71
2017-11-29,48536.03
2017-11-30,48642.97
2017-12-01,48243.31
2017-12-04,48588.66
2017-12-05,49075.85
2017-12-06,48682.83
2017-12-07,51716.72
2017-12-08,54073.29
2017-12-11,53798.72
2017-12-12,54060.14
2017-12-13,55308.22
2017-12-14,55385.8
2017-12-15,55256.3
2017-12-18,55515.88
2017-12-19,55101.05
2017-12-20,53305.62
2017-12-21,52730.69
2017-12-22,53866.09
2017-12-25,55487.46
2017-12-26,54434.32
2017-12-27,54802.08
2017-12-28,52960.87
2017-12-29,53074.25
2018-01-01,51164.49
2018-01-02,51476.49
2018-01-03,50886.55
2018-01-04,52948.76
2018-01-05,52108.42
2018-01-08,50202.42
2018-01-09,54107.94
2018-01-10,54579.41
2018-01-11,53506.63
2018-01-12,53825.81
2018-01-15,54045.8
2018-01-16,55312.26
2018-01-17,55927.45
2018-01-18,58325.99
2018-01-19,59586.74
2018-01-22,59546.69
2018-01-23,60273.78
2018-01-24,59251.26
2018-01-25,57690.47
2018-01-26,60341.67
2018-01-29,61110.99
2018-01-30,62288.21
2018-01-31,61393.13
2018-02-01,61492.11
2018-02-02,62541.21
2018-02-05,60918.11
2018-02-06,63090.99
2018-02-07,66155.86
2018-02-08,67567.79
2018-02-09,68121.44
2018-02-12,68038.85
2018-02-13,66755.7
2018-02-14,65908.35
2018-02-15,66750.47
2018-02-16,69279.16
2018-02-19,69492.79
2018-02-20,70220.12
2018-02-21,71251.56
2018-02-22,74387.43
2018-02-23,74802.7
2018-02-26,75730.72
2018-02-27,72993.15
2018-02-28,77289.44
2018-03-01,79388.23
2018-03-02,76425.7
2018-03-05,76278.33
2018-03-06,74647.82
2018-03-07,73818.09
2018-03-08,74062.55
2018-03-09,76265.44
2018-03-12,78540.8
2018-03-13,80103.2
2018-03-14,83180.41
2018-03-15,81084.79
2018-03-16,80990.37
2018-03-19,81002.7
2018-03-20,81158.43
2018-03-21,80225.59
2018-03-22,81325.24
2018-03-23,81740.65
2018-03-26,86725.18
2018-03-27,90544.21
2018-03-28,84896.01
2018-03-29,83646.11
2018-03-30,84368.6
2018-04-02,81747.15
2018-04-03,85235.24
2018-04-04,85326.89
2018-04-05,86877.74
2018-04-06,83640.34
2018-04-09,88398.59
2018-04-10,90457.32
2018-04-11,87770.97
2018-04-12,89460.33
2018-04-13,87912.53
2018-04-16,92709.7
2018-04-17,97421.24
2018-04-18,98127.92
2018-04-19,96240.54
2018-04-20,97663.32
2018-04-23,99369.27
2018-04-24,96520.34
2018-04-25,98172.54
2018-04-26,100063.7
2018-04-27,99613.91
2018-04-30,98321.04
2018-05-01,102944.83
2018-05-02,101998.62
2018-05-03,100255.96
2018-05-04,97670.96
2018-05-07,98431.81
2018-05-08,98021.34
2018-05-09,102860.43
2018-05-10,101565.21
2018-05-11,105403.55
2018-05-14,105370.47
2018-05-15,105782.47
2018-05-16,107220.16
2018-05-17,108259.22
2018-05-18,111593.82
2018-05-21,111656.42
2018-05-22,117251.55
2018-05-23,118831.38
2018-05-24,121533.26
2018-05-25,118707.54
2018-05-28,113175.86
2018-05-29,116202.18
2018-05-30,116941.11
2018-05-31,118548.43
2018-06-01,113908.66
2018-06-04,113964.87
2018-06-05,120222.5
2018-06-06,119644.91
2018-06-07,124371.21
2018-06-08,123042.51
2018-06-11,124784.61
2018-06-12,121977.06
2018-06-13,121995.63
2018-06-14,122663.95
2018-06-15,129463.35
2018-06-18,125081.05
2018-06-19,119678.99
2018-06-20,114667.41
2018-06-21,114152.54
2018-06-22,116836.43
2018-06-25,121856.32
2018-06-26,119694.27
2018-06-27,118152.36
2018-06-28,114253.49
2018-06-29,113104.01
2018-07-02,112517.83
2018-07-03,115129.25
2018-07-04,112074.62
2018-07-05,112074.21
2018-07-06,115639.19
2018-07-09,120847.09
2018-07-10,121619.16
2018-07-11,125945.27
2018-07-12,130624.83
2018-07-13,130313.04
2018-07-16,128894.54
2018-07-17,130398.02
2018-07-18,130869.22
2018-07-19,133803.64
2018-07-20,135475.16
2018-07-23,130993.01
2018-07-24,132569.87
2018-07-25,128684.11
2018-07-26,130802.37
2018-07-27,127306.62
2018-07-30,125759.75
2018-07-31,124236.97
2018-08-01,123058.58
2018-08-02,123716.51
2018-08-03,121656.05
2018-08-06,120599.37
2018-08-07,120586.99
2018-08-08,116236.56
2018-08-09,114980.89
2018-08-10,114502.48
2018-08-13,115388.03
2018-08-14,118409.69
2018-08-15,120337.77
2018-08-16,119059.49
2018-08-17,116725.53
2018-08-20,118515.64
2018-08-21,125500.52
2018-08-22,125268.11
2018-08-23,129809.92
2018-08-24,140997.28
2018-08-27,135831.96
2018-08-28,132649.46
2018-08-29,141889.01
2018-08-30,141704.66
2018-08-31,142357.58
2018-09-03,143538.68
2018-09-04,141412.28
2018-09-05,148498.4
2018-09-06,147892.2
2018-09-07,144108.37
2018-09-10,141536.63
2018-09-11,138406.85
2018-09-12,141583.27
2018-09-13,140049.78
2018-09-14,140590.61
2018-09-17,144287.65
2018-09-18,147808.46
2018-09-19,149898.89
2018-09-20,146541.52
2018-09-21,147839.31
2018-09-24,147498.62
2018-09-25,147464.55
2018-09-26,145031.45
2018-09-27,149368.98
2018-09-28,155927.42
2018-10-01,162101.47
2018-10-02,163518.53
2018-10-03,162809.99
2018-10-04,167512.2
2018-10-05,173444.12
2018-10-08,166960.5
2018-10-09,164541.37
2018-10-10,160329.82
2018-10-11,158378.79
2018-10-12,169347.14
2018-10-15,170254.68
2018-10-16,171705.4
2018-10-17,171146.2
2018-10-18,167519.08
2018-10-19,167260.44
2018-10-22,178171.04
2018-10-23,171001.62
2018-10-24,176133.16
2018-10-25,176672.36
2018-10-26,180253.15
2018-10-29,187457.19
2018-10-30,185451.71
2018-10-31,182991.16
2018-11-01,181313.54
2018-11-02,191990.12
2018-11-05,180847.45
2018-11-06,187556.78
2018-11-07,189902.57
2018-11-08,199608.98
2018-11-09,199735.28
2018-11-12,198011.02
2018-11-13,193703.32
2018-11-14,199529.02
2018-11-15,205533.92
2018-11-16,200261.67
2018-11-19,196731.05
2018-11-20,197804.46
2018-11-21,192156.5
2018-11-22,190851.05
2018-11-23,191808.07
2018-11-26,182992.5
2018-11-27,179143.19
2018-11-28,177558.64
2018-11-29,170985.1
2018-11-30,170040.48
2018-12-03,163284.86
2018-12-04,162488.3
2018-12-05,163241.62
2018-12-06,167008.34
2018-12-07,163663.17
2018-12-10,167169.63
2018-12-11,162551.18
2018-12-12,162891.85
2018-12-13,169178.75
2018-12-14,172862.97
2018-12-17,172232.52
2018-12-18,173304.73
2018-12-19,174783.66
2018-12-20,175415.26
2018-12-21,175700.98
2018-12-24,182092.83
2018-12-25,181328.41
2018-12-26,179781.61
2018-12-27,178533.3
2018-12-28,179163.58
2018-12-31,174572.83
2019-01-01,179490.18
2019-01-02,179050.77
2019-01-03,173262.26
2019-01-04,177209.48
2019-01-07,185552.7
2019-01-08,181579.53
2019-01-09,180253.37
2019-01-10,179752.66
2019-01-11,176836.81
2019-01-14,178508.12
2019-01-15,176000.15
2019-01-16,179823.0
2019-01-17,184180.73
2019-01-18,178911.44
2019-01-21,179903.69
2019-01-22,187756.57
2019-01-23,190253.9
2019-01-24,187645.35
2019-01-25,188310.59
2019-01-28,188938.9
2019-01-29,191119.75
2019-01-30,189603.75
2019-01-31,185860.76
2019-02-01,187916.05
2019-02-04,190178.34
2019-02-05,187643.88
2019-02-06,189349.51
2019-02-07,187079.1
2019-02-08,179330.42
2019-02-11,177069.69
2019-02-12,177934.2
2019-02-13,171425.58
2019-02-14,170108.21
2019-02-15,164473.05
2019-02-18,160421.49
2019-02-19,157045.41
2019-02-20,159564.28
2019-02-21,160836.14
2019-02-22,157614.62
2019-02-25,162964.07
2019-02-26,160563.07
2019-02-27,165499.11
2019-02-28,164686.87
2019-03-01,160454.13
2019-03-04,162489.53
2019-03-05,164204.51
2019-03-06,168105.53
2019-03-07,170356.95
2019-03-08,171876.16
2019-03-11,171580.01
2019-03-12,173347.62
2019-03-13,171405.15
2019-03-14,165955.2
2019-03-15,167856.82
2019-03-18,165711.96
2019-03-19,167744.07
2019-03-20,175997.77
2019-03-21,184883.11
2019-03-22,180716.85
2019-03-25,189988.89
2019-03-26,197041.11
2019-03-27,202701.77
2019-03-28,209879.76
2019-03-29,205075.12
2019-04-01,208850.1
2019-04-02,210299.16
2019-04-03,212477.01
2019-04-04,215400.16
2019-04-05,209818.86
2019-04-08,211206.0
2019-04-09,212159.41
2019-04-10,211379.23
2019-04-11,204851.1
2019-04-12,205793.81
2019-04-15,203003.31
2019-04-16,201863.07
2019-04-17,200546.63
2019-04-18,197167.15
2019-04-19,198191.64
2019-04-22,200426.19
2019-04-23,200464.67
2019-04-24,204961.91
2019-04-25,203736.99
2019-04-26,205651.28
2019-04-29,213659.74
2019-04-30,217632.56
2019-05-01,218678.31
2019-05-02,215635.26
2019-05-03,204347.71
2019-05-06,201657.38
2019-05-07,195481.99
2019-05-08,197020.5
2019-05-09,200406.34
2019-05-10,203516.8
2019-05-13,196192.43
2019-05-14,203412.65
2019-05-15,199749.43
2019-05-16,197865.35
2019-05-17,196408.21
2019-05-20,197333.28
2019-05-21,199748.84
2019-05-22,201485.01
2019-05-23,205989.91
2019-05-24,210866.52
2019-05-27,211070.67
2019-05-28,214759.6
2019-05-29,210418.57
2019-05-30,217724.63
2019-05-31,223159.09
2019-06-03,220204.93
2019-06-04,219704.65
2019-06-05,216571.13
2019-06-06,214870.96
2019-06-07,215143.9
2019-06-10,207034.08
2019-06-11,214770.49
2019-06-12,214870.57
2019-06-13,214071.78
2019-06-14,218793.0
2019-06-17,231001.55
2019-06-18,237087.36
2019-06-19,239112.51
2019-06-20,247291.24
2019-06-21,255224.87
2019-06-24,255302.01
2019-06-25,266310.74
2019-06-26,273770.84
2019-06-27,277629.73
2019-06-28,280356.04
2019-07-01,279596.55
2019-07-02,273621.99
2019-07-03,257366.25
2019-07-04,255759.64
2019-07-05,251754.24
2019-07-08,261183.79
2019-07-09,256480.27
2019-07-10,267420.61
2019-07-11,268025.06
2019-07-12,271898.35
2019-07-15,285467.87
2019-07-16,282053.97
2019-07-17,273648.45
2019-07-18,282481.72
2019-07-19,286233.99
2019-07-22,296451.1
2019-07-23,297912.61
2019-07-24,300522.15
2019-07-25,299786.53
2019-07-26,292464.39
2019-07-29,288074.6
2019-07-30,287876.36
2019-07-31,279051.81
2019-08-01,286777.04
2019-08-02,269132.0
2019-08-05,268779.13
2019-08-06,272048.41
2019-08-07,277313.62
2019-08-08,280671.21
2019-08-09,278965.1
2019-08-12,282623.95
2019-08-13,278632.23
2019-08-14,273669.4
2019-08-15,278722.93
2019-08-16,275388.44
2019-08-19,271797.65
2019-08-20,284430.38
2019-08-21,279917.25
2019-08-22,281446.8
2019-08-23,281080.21
2019-08-26,272778.05
2019-08-27,267698.13
2019-08-28,268556.14
2019-08-29,258978.46
2019-08-30,250788.32
2019-09-02,240046.01
2019-09-03,247778.56
2019-09-04,255988.86
2019-09-05,260805.1
2019-09-06,259765.86
2019-09-09,269689.73
2019-09-10,273248.33
2019-09-11,276403.32
2019-09-12,270463.05
2019-09-13,279647.91
2019-09-16,272750.07
2019-09-17,275547.55
2019-09-18,289085.62
2019-09-19,303529.68
2019-09-20,319304.1
2019-09-23,316870.19
2019-09-24,324555.09
2019-09-25,317761.37
2019-09-26,317163.14
2019-09-27,323333.47
2019-09-30,326234.53
2019-10-01,336111.73
2019-10-02,348278.35
2019-10-03,349008.84
2019-10-04,345486.56
2019-10-07,344830.09
2019-10-08,340736.43
2019-10-09,335690.45
2019-10-10,340052.47
2019-10-11,349463.34
2019-10-14,336833.17
2019-10-15,332087.13
2019-10-16,337062.43
2019-10-17,337143.54
2019-10-18,340923.22
2019-10-21,347544.33
2019-10-22,339713.18
2019-10-23,339668.95
2019-10-24,341491.33
2019-10-25,345742.21
2019-10-28,341605.87
2019-10-29,328279.87
2019-10-30,330279.99
2019-10-31,331947.94
2019-11-01,336207.22
2019-11-04,325705.5
2019-11-05,342164.22
2019-11-06,345833.6
2019-11-07,342000.0
2019-11-08,332453.47
2019-11-11,342130.25
2019-11-12,338133.15
2019-11-13,332218.84
2019-11-14,345419.32
2019-11-15,336772.22
2019-11-18,343386.3
2019-11-19,343915.09
2019-11-20,344378.93
2019-11-21,341731.48
2019-11-22,333721.82
2019-11-25,333492.4
2019-11-26,330078.58
2019-11-27,332639.14
2019-11-28,306727.11
2019-11-29,302642.17
2019-12-02,315628.2
2019-12-03,309472.93
2019-12-04,299319.91
2019-12-05,301435.74
2019-12-06,302707.15
2019-12-09,299792.8
2019-12-10,305709.98
2019-12-11,308581.65
2019-12-12,315010.04
2019-12-13,332402.73
2019-12-16,338553.25
2019-12-17,320571.18
2019-12-18,307491.68
2019-12-19,310603.18
2019-12-20,310395.82
2019-12-23,317155.5
2019-12-24,322275.94
2019-12-25,316536.63
2019-12-26,318391.83
2019-12-27,307182.8
2019-12-30,294547.42
2019-12-31,300918.44
2020-01-01,304569.44
2020-01-02,316384.07
2020-01-03,316527.4
2020-01-06,328556.4
2020-01-07,328231.31
2020-01-08,316770.48
2020-01-09,319856.22
2020-01-10,321117.28
2020-01-13,329034.4
2020-01-14,334132.29
2020-01-15,333175.1
2020-01-16,322316.87
2020-01-17,317699.9
2020-01-20,315844.7
2020-01-21,317032.85
2020-01-22,318906.67
2020-01-23,318942.26
2020-01-24,309499.54
2020-01-27,304220.79
2020-01-28,310692.05
2020-01-29,308197.63
2020-01-30,319405.14
2020-01-31,323634.43
2020-02-03,323209.6
2020-02-04,321274.09
2020-02-05,324685.98
2020-02-06,333026.2
2020-02-07,329273.19
2020-02-10,321058.39
2020-02-11,327990.39
2020-02-12,335711.19
2020-02-13,346163.59
2020-02-14,347308.68
2020-02-17,344510.39
2020-02-18,348406.98
2020-02-19,359611.02
2020-02-20,368196.54
2020-02-21,348360.25
2020-02-24,336498.2
2020-02-25,337595.71
2020-02-26,346418.94
2020-02-27,336738.53
2020-02-28,335532.73
2020-03-02,325042.09
2020-03-03,317441.57
2020-03-04,314665.81
2020-03-05,323246.77
2020-03-06,322488.16
2020-03-09,323658.75
2020-03-10,316434.98
2020-03-11,303929.39
2020-03-12,301686.54
2020-03-13,307087.68
2020-03-16,300909.3
2020-03-17,297184.59
2020-03-18,305417.17
2020-03-19,308973.11
2020-03-20,313579.94
2020-03-23,317836.39
2020-03-24,320261.45
2020-03-25,331430.08
2020-03-26,322002.71
2020-03-27,324014.66
2020-03-30,323492.97
2020-03-31,333308.14
2020-04-01,324234.88
2020-04-02,311317.39
2020-04-03,309106.7
2020-04-06,330446.05
2020-04-07,345102.51
2020-04-08,354424.77
2020-04-09,381113.04
2020-04-10,396981.18
2020-04-13,388874.76
2020-04-14,374288.35
2020-04-15,376165.07
2020-04-16,372958.8
2020-04-17,386165.16
2020-04-20,394577.3
2020-04-21,387556.27
2020-04-22,396061.49
2020-04-23,393591.7
2020-04-24,387677.26
2020-04-27,389248.05
2020-04-28,399239.58
2020-04-29,408276.52
2020-04-30,413290.56
2020-05-01,425140.31
2020-05-04,420370.51
2020-05-05,424928.12
2020-05-06,435943.42
2020-05-07,445231.05
2020-05-08,452791.45
2020-05-11,461348.65
2020-05-12,459825.79
2020-05-13,431799.08
2020-05-14,422771.48
2020-05-15,425520.16
2020-05-18,432392.74
2020-05-19,440207.2
2020-05-20,436931.91
2020-05-21,439661.99
2020-05-22,427443.9
2020-05-25,429617.11
2020-05-26,443553.45
2020-05-27,438378.01
2020-05-28,437037.12
2020-05-29,449081.55
2020-06-01,467091.87
2020-06-02,476335.09
2020-06-03,473286.22
2020-06-04,462657.15
2020-06-05,463722.43
2020-06-08,463620.36
2020-06-09,447573.51
2020-06-10,446125.63
2020-06-11,425251.5
2020-06-12,420145.18
2020-06-15,418856.84
2020-06-16,426599.3
2020-06-17,432835.49
2020-06-18,422607.79
2020-06-19,413452.94
2020-06-22,419420.35
2020-06-23,413771.51
2020-06-24,421269.4
2020-06-25,415611.15
2020-06-26,418956.08
2020-06-29,418681.99
2020-06-30,416739.18
2020-07-01,425843.77
2020-07-02,418485.95
2020-07-03,415808.85
2020-07-06,408060.32
2020-07-07,415211.64
2020-07-08,398974.19
2020-07-09,401487.39
2020-07-10,419318.13
2020-07-13,421018.24
2020-07-14,419272.12
2020-07-15,405954.05
2020-07-16,421033.34
2020-07-17,433611.59
2020-07-20,438818.33
2020-07-21,462480.62
2020-07-22,453686.68
2020-07-23,465212.8
2020-07-24,464475.36
2020-07-27,449661.57
2020-07-28,455250.46
2020-07-29,458653.52
2020-07-30,457876.41
2020-07-31,477064.76
2020-08-03,471741.66
2020-08-04,490040.14
2020-08-05,492017.76
2020-08-06,487351.37
2020-08-07,484106.68
2020-08-10,469050.47
2020-08-11,458143.16
2020-08-12,453034.32
2020-08-13,440506.63
2020-08-14,430356.4
2020-08-17,429118.78
2020-08-18,416914.73
2020-08-19,412075.66
2020-08-20,395265.65
2020-08-21,384258.14
2020-08-24,389171.9
2020-08-25,391536.36
2020-08-26,394923.45
2020-08-27,414746.57
2020-08-28,405207.54
2020-08-31,402571.64
2020-09-01,414515.34
2020-09-02,403271.43
2020-09-03,410001.3
2020-09-04,414607.66
2020-09-07,425810.43
2020-09-08,451353.87
2020-09-09,453701.26
2020-09-10,454382.02
2020-09-11,447773.12
2020-09-14,455395.62
2020-09-15,456157.26
2020-09-16,457000.43
2020-09-17,442884.76
2020-09-18,419775.24
2020-09-21,409182.73
2020-09-22,403820.47
2020-09-23,393554.36
2020-09-24,409722.23
2020-09-25,388427.64
2020-09-28,394065.94
2020-09-29,414473.67
2020-09-30,435880.33
2020-10-01,444119.35
2020-10-02,444784.41
2020-10-05,441802.35
2020-10-06,426767.89
2020-10-07,430985.4
2020-10-08,445795.48
2020-10-09,450717.04
2020-10-12,457023.6
2020-10-13,448760.66
2020-10-14,442481.03
2020-10-15,457080.85
2020-10-16,465793.13
2020-10-19,475080.84
2020-10-20,456655.86
2020-10-21,458439.37
2020-10-22,429723.2
2020-10-23,440158.81
2020-10-26,425130.61
2020-10-27,431139.93
2020-10-28,431083.79
2020-10-29,419454.48
2020-10-30,413135.65
2020-11-02,424164.3
2020-11-03,443250.77
2020-11-04,444892.13
2020-11-05,451311.67
2020-11-06,445390.38
2020-11-09,453882.95
2020-11-10,439671.48
2020-11-11,432034.0
2020-11-12,435037.56
2020-11-13,424925.72
2020-11-16,432066.88
2020-11-17,424768.05
2020-11-18,439238.41
2020-11-19,451124.29
2020-11-20,428369.67
2020-11-23,421041.02
2020-11-24,428162.67
2020-11-25,407778.48
2020-11-26,416392.86
2020-11-27,401797.22
2020-11-30,422101.39
2020-12-01,424352.0
2020-12-02,418522.85
2020-12-03,399227.19
2020-12-04,406925.93
2020-12-07,419610.16
2020-12-08,421325.31
2020-12-09,434929.98
2020-12-10,434079.89
2020-12-11,460695.14
2020-12-14,482655.25
2020-12-15,493137.35
2020-12-16,500777.17
2020-12-17,491009.0
2020-12-18,496765.32
2020-12-21,491363.88
2020-12-22,493982.52
2020-12-23,497030.45
2020-12-24,510407.58
2020-12-25,516277.2
2020-12-28,489092.97
2020-12-29,481783.38
2020-12-30,485452.43
2020-12-31,493185.72
2021-01-01,499277.05
2021-01-04,509511.15
2021-01-05,530254.2
2021-01-06,531056.85
2021-01-07,514776.22
2021-01-08,530197.28
2021-01-11,522037.87
2021-01-12,512052.14
2021-01-13,522381.93
2021-01-14,535520.42
2021-01-15,549100.48
2021-01-18,542192.27
2021-01-19,546798.13
2021-01-20,529035.09
2021-01-21,526178.1
2021-01-22,498646.55
2021-01-25,498378.01
2021-01-26,515474.63
2021-01-27,517882.14
2021-01-28,535941.94
2021-01-29,532170.86
2021-02-01,516829.71
2021-02-02,500204.69
2021-02-03,520558.91
2021-02-04,522344.06
2021-02-05,528216.36
2021-02-08,554363.28
2021-02-09,556810.91
2021-02-10,554291.8
2021-02-11,553631.47
2021-02-12,569993.16
2021-02-15,578796.0
2021-02-16,599728.76
2021-02-17,610295.22
2021-02-18,583013.8
2021-02-19,586407.57
2021-02-22,586197.06
2021-02-23,592259.09
2021-02-24,591093.44
2021-02-25,589311.64
2021-02-26,601134.91
2021-03-01,618571.47
2021-03-02,604406.19
2021-03-03,600294.74
2021-03-04,625753.85
2021-03-05,627319.01
2021-03-08,628073.42
2021-03-09,626504.16
2021-03-10,617531.69
2021-03-11,613147.3
2021-03-12,596517.18
2021-03-15,596416.1
2021-03-16,600170.58
2021-03-17,593579.66
2021-03-18,598062.24
2021-03-19,586788.83
2021-03-22,590746.55
2021-03-23,581114.73
2021-03-24,580288.5
2021-03-25,563544.85
2021-03-26,551841.3
2021-03-29,554567.55
2021-03-30,562497.27
2021-03-31,577611.99
2021-04-01,553180.56
2021-04-02,547009.98
2021-04-05,538356.39
2021-04-06,546266.37
2021-04-07,552637.35
2021-04-08,538721.88
2021-04-09,562731.0
2021-04-12,558409.89
2021-04-13,570534.75
2021-04-14,571445.13
2021-04-15,544972.7
2021-04-16,569121.12
2021-04-19,583192.42
2021-04-20,589316.64
2021-04-21,594910.72
2021-04-22,602305.22
2021-04-23,601078.48
2021-04-26,623711.77
2021-04-27,617280.17
2021-04-28,588357.55
2021-04-29,559788.61
2021-04-30,550780.85
2021-05-03,523876.0
2021-05-04,515770.21
2021-05-05,528094.5
2021-05-06,525904.77
2021-05-07,507543.89
2021-05-10,507247.35
2021-05-11,522205.92
2021-05-12,517634.04
2021-05-13,518411.43
2021-05-14,522040.47
2021-05-17,527211.48
2021-05-18,542814.97
2021-05-19,542436.27
2021-05-20,531195.65
2021-05-21,540903.61
2021-05-24,551352.28
2021-05-25,549716.36
2021-05-26,533310.2
2021-05-27,519620.34
2021-05-28,529719.98
2021-05-31,536346.78
2021-06-01,546851.54
2021-06-02,552449.42
2021-06-03,561373.41
2021-06-04,560221.26
2021-06-07,566250.77
2021-06-08,567026.05
2021-06-09,562625.83
2021-06-10,546774.96
2021-06-11,531886.09
2021-06-14,548888.17
2021-06-15,558532.01
2021-06-16,548506.77
2021-06-17,550702.06
2021-06-18,544436.3
2021-06-21,540323.89
2021-06-22,540557.3
2021-06-23,538471.63
2021-06-24,537878.73
2021-06-25,530588.59
2021-06-28,551680.62
2021-06-29,569143.65
2021-06-30,563762.32
2021-07-01,568373.49
2021-07-02,603646.95
2021-07-05,605315.71
2021-07-06,607672.51
2021-07-07,612431.62
2021-07-08,612293.18
2021-07-09,617018.99
2021-07-12,627704.99
2021-07-13,655014.52
2021-07-14,673642.58
2021-07-15,683119.53
2021-07-16,699263.86
2021-07-19,705490.5
2021-07-20,707059.39
2021-07-21,724843.12
2021-07-22,732989.69
2021-07-23,736768.56
2021-07-26,734076.83
2021-07-27,741053.83
2021-07-28,728799.36
2021-07-29,703370.51
2021-07-30,716325.5
2021-08-02,716075.78
2021-08-03,712277.96
2021-08-04,712642.43
2021-08-05,713016.84
2021-08-06,704536.36
2021-08-09,709483.79
2021-08-10,707217.17
2021-08-11,708583.73
2021-08-12,686192.13
2021-08-13,702510.91
2021-08-16,723574.62
2021-08-17,659946.88
2021-08-18,671113.01
2021-08-19,680283.91
2021-08-20,680231.58
2021-08-23,664703.3
2021-08-24,647162.67
2021-08-25,647816.57
2021-08-26,634161.55
2021-08-27,628925.13
2021-08-30,630737.13
2021-08-31,605778.76
2021-09-01,621259.82
2021-09-02,616190.49
2021-09-03,617117.55
2021-09-06,658265.62
2021-09-07,675365.8
2021-09-08,667663.22
2021-09-09,692380.13
2021-09-10,691369.66
2021-09-13,668260.47
2021-09-14,702960.2
2021-09-15,718682.5
2021-09-16,699643.1
2021-09-17,679779.56
2021-09-20,703272.27
2021-09-21,731088.42
2021-09-22,716252.99
2021-09-23,741210.34
2021-09-24,699462.35
2021-09-27,664838.37
2021-09-28,682183.59
2021-09-29,693789.84
2021-09-30,660840.14
2021-10-01,661312.73
2021-10-04,652879.54
2021-10-05,674926.38
2021-10-06,681768.48
2021-10-07,672400.25
2021-10-08,659610.45
2021-10-11,683190.13
2021-10-12,666542.92
2021-10-13,654403.36
2021-10-14,648778.37
2021-10-15,663020.74
2021-10-18,671461.92
2021-10-19,706888.32
2021-10-20,709143.3
2021-10-21,742099.27
2021-10-22,721433.59
2021-10-25,731472.65
2021-10-26,725892.24
2021-10-27,707449.99
2021-10-28,686009.54
2021-10-29,660528.3
2021-11-01,659844.69
2021-11-02,632810.78
2021-11-03,633459.57
2021-11-04,639027.69
2021-11-05,650720.91
2021-11-08,661655.58
2021-11-09,651396.21
2021-11-10,677436.61
2021-11-11,657274.27
2021-11-12,669938.89
2021-11-15,645408.18
2021-11-16,620976.67
2021-11-17,617649.59
2021-11-18,615282.77
2021-11-19,606455.81
2021-11-22,595619.81
2021-11-23,578948.82
2021-11-24,595757.62
2021-11-25,576720.55
2021-11-26,578495.93
2021-11-29,575313.61
2021-11-30,574843.35
2021-12-01,553631.76
2021-12-02,540661.9
2021-12-03,551090.25
2021-12-06,544565.2
2021-12-07,576595.91
2021-12-08,564245.4
2021-12-09,564292.27
2021-12-10,564547.32
2021-12-13,561815.69
2021-12-14,542800.57
2021-12-15,568912.71
2021-12-16,576730.97
2021-12-17,555100.83
2021-12-20,561420.83
2021-12-21,562516.24
2021-12-22,540060.09
2021-12-23,537497.91
2021-12-24,526205.7
2021-12-27,518131.96
2021-12-28,538935.04
2021-12-29,529054.19
2021-12-30,534888.75
2021-12-31,522993.99
2022-01-03,501955.34
2022-01-04,514776.16
2022-01-05,519107.5
2022-01-06,525693.44
2022-01-07,517410.82
2022-01-10,508355.46
2022-01-11,501507.06
2022-01-12,513087.06
2022-01-13,487500.28
2022-01-14,498402.14
2022-01-17,482334.72
2022-01-18,497393.39
2022-01-19,506123.82
2022-01-20,523801.8
2022-01-21,529862.02
2022-01-24,536540.08
2022-01-25,529852.96
2022-01-26,532564.16
2022-01-27,564031.34
2022-01-28,550978.09
2022-01-31,546334.12
2022-02-01,540545.82
2022-02-02,567193.87
2022-02-03,571066.87
2022-02-04,592429.8
2022-02-07,578411.49
2022-02-08,599751.57
2022-02-09,614686.91
2022-02-10,611852.07
2022-02-11,619995.54
2022-02-14,610661.23
2022-02-15,599180.93
2022-02-16,572149.55
2022-02-17,577493.4
2022-02-18,587008.31
2022-02-21,610374.78
2022-02-22,613834.83
2022-02-23,603199.67
2022-02-24,607563.11
2022-02-25,607099.36
2022-02-28,627866.01
2022-03-01,604578.87
2022-03-02,601041.37
2022-03-03,607401.29
2022-03-04,600824.68
2022-03-07,590954.77
2022-03-08,596784.38
2022-03-09,618523.65
2022-03-10,637534.31
2022-03-11,610324.22
2022-03-14,581487.68
2022-03-15,569194.62
2022-03-16,562652.48
2022-03-17,532877.11
2022-03-18,525301.9
2022-03-21,535440.84
2022-03-22,525035.28
2022-03-23,543164.68
2022-03-24,533079.5
2022-03-25,533815.2
2022-03-28,528516.41
2022-03-29,519319.03
2022-03-30,517313.48
2022-03-31,516023.97
2022-04-01,507791.45
2022-04-04,503305.36
2022-04-05,500619.33
2022-04-06,509157.76
2022-04-07,511194.93
2022-04-08,498725.99
2022-04-11,515603.58
2022-04-12,505848.34
2022-04-13,500549.65
2022-04-14,518349.05
2022-04-15,535572.96
2022-04-18,527461.47
2022-04-19,515249.36
2022-04-20,509539.28
2022-04-21,496864.05
2022-04-22,494403.62
2022-04-25,472726.95
2022-04-26,486418.64
2022-04-27,501065.41
2022-04-28,511032.03
2022-04-29,508490.95
2022-05-02,507106.62
2022-05-03,525317.2
2022-05-04,537591.28
2022-05-05,556461.5
2022-05-06,570357.46
2022-05-09,578921.01
2022-05-10,565504.25
2022-05-11,579700.45
2022-05-12,596444.1
2022-05-13,619190.67
2022-05-16,598999.18
2022-05-17,617692.65
2022-05-18,641280.32
2022-05-19,640186.1
2022-05-20,667027.25
2022-05-23,691709.5
2022-05-24,685303.73
2022-05-25,687236.68
2022-05-26,672013.34
2022-05-27,662689.76
2022-05-30,649271.18
2022-05-31,655382.08
2022-06-01,633295.06
2022-06-02,636578.36
2022-06-03,631186.8
2022-06-06,644233.12
2022-06-07,652106.61
2022-06-08,628075.89
2022-06-09,617788.46
2022-06-10,620112.06
2022-06-13,625638.1
2022-06-14,629805.4
2022-06-15,609454.36
2022-06-16,613301.4
2022-06-17,635205.29
2022-06-20,617700.83
2022-06-21,624204.13
2022-06-22,619543.72
2022-06-23,630956.56
2022-06-24,611539.23
2022-06-27,605814.58
2022-06-28,630628.92
2022-06-29,626282.72
2022-06-30,609277.44
2022-07-01,617119.38
2022-07-04,638719.04
2022-07-05,654764.08
2022-07-06,646842.6
2022-07-07,655384.32
2022-07-08,649990.61
2022-07-11,638444.59
2022-07-12,669998.74
2022-07-13,664913.66
2022-07-14,668616.96
2022-07-15,694165.39
2022-07-18,673277.69
2022-07-19,665770.16
2022-07-20,668114.11
2022-07-21,665493.91
2022-07-22,661270.94
2022-07-25,665768.35
2022-07-26,675327.84
2022-07-27,700575.42
2022-07-28,699853.65
2022-07-29,710876.48
2022-08-01,694274.49
2022-08-02,696816.91
2022-08-03,696461.83
2022-08-04,681200.25
2022-08-05,639371.26
2022-08-08,658203.39
2022-08-09,651142.0
2022-08-10,668082.42
2022-08-11,692386.94
2022-08-12,707793.31
2022-08-15,724037.09
2022-08-16,737275.06
2022-08-17,743028.48
2022-08-18,736404.0
2022-08-19,732827.55
2022-08-22,742013.81
2022-08-23,740217.77
2022-08-24,746414.31
2022-08-25,737590.73
2022-08-26,745707.23
2022-08-29,725698.47
2022-08-30,727338.39
2022-08-31,729234.12
2022-09-01,722627.8
2022-09-02,719239.86
2022-09-05,755508.94
2022-09-06,753086.91
2022-09-07,809482.93
2022-09-08,818241.63
2022-09-09,864623.89
2022-09-12,884156.57
2022-09-13,880671.48
2022-09-14,838039.98
2022-09-15,827031.16
2022-09-16,849001.5
2022-09-19,823085.04
2022-09-20,840114.07
2022-09-21,821910.42
2022-09-22,838028.36
2022-09-23,845132.97
2022-09-26,844237.72
2022-09-27,805912.94
2022-09-28,808493.26
2022-09-29,826374.33
2022-09-30,840627.81
2022-10-03,837791.1
2022-10-04,835337.08
2022-10-05,834555.02
2022-10-06,857381.23
2022-10-07,868834.11
2022-10-10,885943.81
2022-10-11,898432.0
2022-10-12,893556.64
2022-10-13,944219.81
2022-10-14,920882.2
2022-10-17,933054.83
2022-10-18,947423.87
2022-10-19,929723.69
2022-10-20,920293.23
2022-10-21,893463.51
2022-10-24,941274.57
2022-10-25,975044.63
2022-10-26,987741.14
2022-10-27,990196.7
2022-10-28,981137.08
2022-10-31,1024132.06
2022-11-01,1001951.53
2022-11-02,986604.31
2022-11-03,993850.39
2022-11-04,986041.78
2022-11-07,979282.1
2022-11-08,995730.9
2022-11-09,975036.33
2022-11-10,983363.68
2022-11-11,964320.87
2022-11-14,942019.97
2022-11-15,925510.79
2022-11-16,908492.43
2022-11-17,911113.58
2022-11-18,885771.56
2022-11-21,880258.94
2022-11-22,850677.07
2022-11-23,843780.5
2022-11-24,852602.5
2022-11-25,840165.1
2022-11-28,823874.18
2022-11-29,782298.4
2022-11-30,754470.72
2022-12-01,735798.55
2022-12-02,733505.78
2022-12-05,716480.3
2022-12-06,752292.14
2022-12-07,771134.64
2022-12-08,774218.89
2022-12-09,802897.29
2022-12-12,776511.86
2022-12-13,798699.17
2022-12-14,785961.84
2022-12-15,797332.71
2022-12-16,789627.92
2022-12-19,804851.84
2022-12-20,801646.81
2022-12-21,814383.87
2022-12-22,807980.91
2022-12-23,815197.93
2022-12-26,801992.63
2022-12-27,780681.09
2022-12-28,774935.81
2022-12-29,794033.11
2022-12-30,793200.35
2023-01-02,811223.16
2023-01-03,801298.1
2023-01-04,798231.22
2023-01-05,825377.72
2023-01-06,821098.8
2023-01-09,857250.98
2023-01-10,890159.46
2023-01-11,931972.42
2023-01-12,943219.01
2023-01-13,959906.14
2023-01-16,958013.3
2023-01-17,927505.8
2023-01-18,925589.49
2023-01-19,872831.49
2023-01-20,920253.61
2023-01-23,915846.99
2023-01-24,921614.35
2023-01-25,949069.34
2023-01-26,950104.59
2023-01-27,944380.25
2023-01-30,990631.96
2023-01-31,992846.62
2023-02-01,1012068.48
2023-02-02,991707.45
2023-02-03,961217.02
2023-02-06,952743.51
2023-02-07,954951.52
2023-02-08,939410.69
2023-02-09,910866.33
2023-02-10,901844.52
2023-02-13,873213.58
2023-02-14,888734.56
2023-02-15,873579.3
2023-02-16,871297.46
2023-02-17,874234.24
2023-02-20,851909.7
2023-02-21,880772.86
2023-02-22,874291.67
2023-02-23,849215.76
2023-02-24,882446.72
2023-02-27,866693.59
2023-02-28,890170.36
2023-03-01,868403.27
2023-03-02,873101.0
2023-03-03,869725.3
2023-03-06,850297.72
2023-03-07,845181.49
2023-03-08,868623.4
2023-03-09,877962.52
2023-03-10,895391.77
2023-03-13,890217.84
2023-03-14,872318.86
2023-03-15,881790.73
2023-03-16,832061.02
2023-03-17,844507.92
2023-03-20,859342.49
2023-03-21,861158.52
2023-03-22,926592.78
2023-03-23,918961.3
2023-03-24,888206.44
2023-03-27,875340.98
2023-03-28,903730.93
2023-03-29,914873.38
2023-03-30,915261.0
2023-03-31,915378.91
2023-04-03,912415.14
2023-04-04,920407.05
2023-04-05,886457.58
2023-04-06,873820.07
2023-04-07,852627.49
2023-04-10,824185.42
2023-04-11,837622.68
2023-04-12,860792.53
2023-04-13,902057.51
2023-04-14,913633.74
2023-04-17,984252.77
2023-04-18,991832.16
2023-04-19,994794.6
2023-04-20,968718.57
2023-04-21,979268.08
2023-04-24,978812.29
2023-04-25,1016891.51
2023-04-26,1050797.51
2023-04-27,1033684.89
2023-04-28,1032344.79
2023-05-01,1043219.09
2023-05-02,1017782.95
2023-05-03,1041779.83
2023-05-04,1042238.24
2023-05-05,1037633.52
2023-05-08,1031732.57
2023-05-09,982514.17
2023-05-10,1016676.32
2023-05-11,983063.17
2023-05-12,959795.72
2023-05-15,1020206.72
2023-05-16,1024024.25
2023-05-17,1044235.51
2023-05-18,1044738.39
2023-05-19,1054681.77
2023-05-22,1042543.63
2023-05-23,1032079.72
2023-05-24,1006591.86
2023-05-25,975795.41
2023-05-26,958993.89
2023-05-29,974930.46
2023-05-30,981708.86
2023-05-31,967302.24
2023-06-01,970655.97
2023-06-02,1006068.63
2023-06-05,1003488.65
2023-06-06,1059125.41
2023-06-07,1081553.32
2023-06-08,1091820.55
2023-06-09,1089766.4
2023-06-12,1054461.44
2023-06-13,1071892.6
2023-06-14,1115539.49
2023-06-15,1129205.28
2023-06-16,1152472.46
2023-06-19,1179531.6
2023-06-20,1165682.57
2023-06-21,1167906.49
2023-06-22,1139098.28
2023-06-23,1099734.99
2023-06-26,1122492.44
2023-06-27,1146320.27
2023-06-28,1134965.23
2023-06-29,1066097.51
2023-06-30,1071741.43
2023-07-03,1091271.83
2023-07-04,1053682.67
2023-07-05,1045818.91
2023-07-06,1090416.42
2023-07-07,1079959.42
2023-07-10,1042274.05
2023-07-11,1053858.99
2023-07-12,1036378.09
2023-07-13,1036103.94
2023-07-14,1047119.59
2023-07-17,1063973.88
2023-07-18,1093272.19
2023-07-19,1082630.55
2023-07-20,1109059.83
2023-07-21,1090522.21
2023-07-24,1098411.99
2023-07-25,1085500.26
2023-07-26,1067666.48
2023-07-27,1052847.94
2023-07-28,1031276.66
2023-07-31,1035890.09
2023-08-01,1060799.86
2023-08-02,1054527.7
2023-08-03,1053543.1
2023-08-04,1031390.47
2023-08-07,1031550.91
2023-08-08,1055444.12
2023-08-09,1026988.92
2023-08-10,1022013.61
2023-08-11,1054058.29
2023-08-14,1040794.86
2023-08-15,1056321.54
2023-08-16,1033365.07
2023-08-17,1021666.76
2023-08-18,1022072.34
2023-08-21,1048639.91
2023-08-22,1027976.23
2023-08-23,1060934.98
2023-08-24,1058204.55
2023-08-25,1037609.19
2023-08-28,1007993.92
2023-08-29,996084.21
2023-08-30,1017030.76
2023-08-31,1013171.34
2023-09-01,1054458.16
2023-09-04,1068895.94
2023-09-05,1067706.45
2023-09-06,1070380.33
2023-09-07,1049016.47
2023-09-08,1036870.96
2023-09-11,1008422.38
2023-09-12,1029621.39
2023-09-13,1020666.41
2023-09-14,1016278.46
2023-09-15,1052412.98
2023-09-18,1052311.04
2023-09-19,1054617.96
2023-09-20,1066146.84
2023-09-21,1093729.24
2023-09-22,1094432.87
2023-09-25,1072224.41
2023-09-26,1073893.33
2023-09-27,1082661.81
2023-09-28,1057564.33
2023-09-29,1078847.82
2023-10-02,1050516.35
2023-10-03,1008178.23
2023-10-04,994890.99
2023-10-05,977001.29
2023-10-06,936905.0
2023-10-09,910405.17
2023-10-10,908216.13
2023-10-11,866949.36
2023-10-12,846869.62
2023-10-13,848851.49
2023-10-16,869436.04
2023-10-17,855251.3
2023-10-18,868870.05
2023-10-19,871184.5
2023-10-20,881291.82
2023-10-23,889766.12
2023-10-24,895356.97
2023-10-25,894369.86
2023-10-26,875618.85
2023-10-27,862137.75
2023-10-30,881624.53
2023-10-31,888195.91
2023-11-01,874923.09
2023-11-02,883728.01
2023-11-03,920681.98
2023-11-06,922905.96
2023-11-07,917516.36
2023-11-08,946618.05
2023-11-09,956806.2
2023-11-10,977679.69
2023-11-13,961206.86
2023-11-14,970286.56
2023-11-15,938245.36
2023-11-16,989370.13
2023-11-17,987621.15
2023-11-20,967689.81
2023-11-21,954626.36
2023-11-22,966973.77
2023-11-23,944322.86
2023-11-24,937053.66
2023-11-27,948604.9
2023-11-28,938738.7
2023-11-29,931551.61
2023-11-30,926680.99
2023-12-01,984623.55
2023-12-04,966424.42
2023-12-05,927092.21
2023-12-06,983780.75
2023-12-07,981587.64
2023-12-08,992383.05
2023-12-11,978887.2
2023-12-12,965829.08
2023-12-13,987866.75
2023-12-14,942178.97
2023-12-15,917118.44
2023-12-18,943322.08
2023-12-19,980916.18
2023-12-20,1006101.45
2023-12-21,1021870.7
2023-12-22,1025034.76
2023-12-25,1024510.89
2023-12-26,1026893.31
2023-12-27,984666.61
2023-12-28,998136.84
2023-12-29,993247.76
2024-01-01,997026.38
2024-01-02,1007602.49
2024-01-03,1004614.43
2024-01-04,1001883.16
2024-01-05,1005981.82
2024-01-08,1019716.0
2024-01-09,1041904.16
2024-01-10,1018944.15
2024-01-11,986108.18
2024-01-12,989205.24
2024-01-15,968410.97
2024-01-16,911252.37
2024-01-17,912526.71
2024-01-18,877162.93
2024-01-19,912837.19
2024-01-22,922235.18
2024-01-23,916605.75
2024-01-24,903021.66
2024-01-25,913777.87
2024-01-26,916141.22
2024-01-29,906031.24
2024-01-30,908669.43
2024-01-31,885555.62
2024-02-01,864461.01
2024-02-02,844922.75
2024-02-05,847203.35
2024-02-06,865587.05
2024-02-07,837425.71
2024-02-08,837137.24
2024-02-09,798233.56
2024-02-12,802697.71
2024-02-13,812422.04
2024-02-14,832743.79
2024-02-15,855012.31
2024-02-16,861777.17
2024-02-19,861501.85
2024-02-20,858852.52
2024-02-21,881609.03
2024-02-22,853780.76
2024-02-23,885076.17
2024-02-26,897245.05
2024-02-27,887820.28
2024-02-28,831534.23
2024-02-29,799409.54
2024-03-01,847196.9
2024-03-04,873194.86
2024-03-05,855372.72
2024-03-06,875079.44
2024-03-07,873633.31
2024-03-08,895649.21
2024-03-11,859154.14
2024-03-12,866599.07
2024-03-13,873017.76
2024-03-14,884170.07
2024-03-15,908000.01
2024-03-18,926194.34
2024-03-19,889192.77
2024-03-20,920709.77
2024-03-21,960917.74
2024-03-22,953244.77
2024-03-25,945396.73
2024-03-26,930332.25
2024-03-27,919173.76
2024-03-28,971761.94
2024-03-29,950814.42
2024-04-01,930402.33
2024-04-02,927557.47
2024-04-03,922507.01
2024-04-04,937554.37
2024-04-05,939445.34
2024-04-08,950395.68
2024-04-09,968653.31
2024-04-10,984388.2
2024-04-11,1010584.68
2024-04-12,1012909.86
2024-04-15,1034025.52
2024-04-16,1031490.0
2024-04-17,994673.9
2024-04-18,986148.98
2024-04-19,1014572.37
2024-04-22,1019993.39
2024-04-23,1002747.76
2024-04-24,1003494.4
2024-04-25,1010345.26
2024-04-26,1033956.82
2024-04-29,1069490.65
2024-04-30,1088168.37
2024-05-01,1059080.69
2024-05-02,1094647.09
2024-05-03,1090000.9
2024-05-06,1122889.53
2024-05-07,1101515.9
2024-05-08,1129150.6
2024-05-09,1149559.09
2024-05-10,1153289.68
2024-05-13,1146035.39
2024-05-14,1129800.31
2024-05-15,1158196.49
2024-05-16,1158073.87
2024-05-17,1158741.78
2024-05-20,1148221.2
2024-05-21,1153190.33
2024-05-22,1147722.13
2024-05-23,1199319.87
2024-05-24,1185792.52
2024-05-27,1191837.02
2024-05-28,1249608.56
2024-05-29,1254220.19
2024-05-30,1248651.12
2024-05-31,1234760.68
2024-06-03,1264521.56
2024-06-04,1281271.75
2024-06-05,1285687.43
2024-06-06,1288476.36
2024-06-07,1309322.24
2024-06-10,1372368.48
2024-06-11,1357712.31
2024-06-12,1358658.48
2024-06-13,1341556.69
2024-06-14,1366954.57
2024-06-17,1336737.49
2024-06-18,1285732.44
2024-06-19,1280294.21
2024-06-20,1281773.7
2024-06-21,1284530.93
2024-06-24,1266359.72
2024-06-25,1237359.78
2024-06-26,1229391.09
2024-06-27,1253826.43
2024-06-28,1303037.14
2024-07-01,1263092.75
2024-07-02,1206840.48
2024-07-03,1176669.1
2024-07-04,1148616.67
2024-07-05,1189553.03
2024-07-08,1199559.66
2024-07-09,1244947.77
2024-07-10,1282859.59
2024-07-11,1308049.39
2024-07-12,1316744.02
2024-07-15,1300765.06
2024-07-16,1353176.38
2024-07-17,1415879.09
2024-07-18,1448217.68
2024-07-19,1473359.82
2024-07-22,1455407.69
2024-07-23,1487382.91
2024-07-24,1494626.79
2024-07-25,1487989.63
2024-07-26,1509342.77
2024-07-29,1493552.27
2024-07-30,1465993.96
2024-07-31,1435718.53
2024-08-01,1376552.13
2024-08-02,1410590.27
2024-08-05,1385343.86
2024-08-06,1432562.59
2024-08-07,1343986.84
2024-08-08,1382108.8
2024-08-09,1325147.42
2024-08-12,1386114.4
2024-08-13,1353892.88
2024-08-14,1354182.07
2024-08-15,1374201.48
2024-08-16,1471088.62
2024-08-19,1515644.13
2024-08-20,1516108.91
2024-08-21,1581958.36
2024-08-22,1551572.68
2024-08-23,1460000.38
2024-08-26,1454569.79
2024-08-27,1500132.6
2024-08-28,1503851.0
2024-08-29,1480257.85
2024-08-30,1461014.5
2024-09-02,1477394.91
2024-09-03,1551076.47
2024-09-04,1499333.48
2024-09-05,1493053.94
2024-09-06,1466372.39
2024-09-09,1424710.07
2024-09-10,1455126.53
2024-09-11,1458866.78
2024-09-12,1495974.76
2024-09-13,1531873.46
2024-09-16,1584618.08
2024-09-17,1568312.29
2024-09-18,1564839.99
2024-09-19,1486770.25
2024-09-20,1518281.07
2024-09-23,1573534.01
2024-09-24,1597710.82
2024-09-25,1603525.58
2024-09-26,1577049.08
2024-09-27,1580709.56
2024-09-30,1580979.23
2024-10-01,1511097.78
2024-10-02,1489288.09
2024-10-03,1496550.83
2024-10-04,1503669.36
2024-10-07,1565015.52
2024-10-08,1595867.01
2024-10-09,1575508.03
2024-10-10,1641686.77
2024-10-11,1613369.55
2024-10-14,1616762.14
2024-10-15,1629001.05
2024-10-16,1617420.57
2024-10-17,1552183.09
2024-10-18,1536545.43
2024-10-21,1546975.8
2024-10-22,1580400.73
2024-10-23,1503378.71
2024-10-24,1477413.0
2024-10-25,1486781.02
2024-10-28,1500089.61
2024-10-29,1469862.37
2024-10-30,1444214.31
2024-10-31,1454736.16
2024-11-01,1467166.47
2024-11-04,1524660.24
2024-11-05,1493752.49
2024-11-06,1526344.76
2024-11-07,1533011.37
2024-11-08,1563681.51
2024-11-11,1535086.97
2024-11-12,1528073.87
2024-11-13,1510188.74
2024-11-14,1561584.68
2024-11-15,1547558.19
2024-11-18,1582649.11
2024-11-19,1558943.67
2024-11-20,1511108.65
2024-11-21,1503784.7
2024-11-22,1495768.85
2024-11-25,1484025.24
2024-11-26,1501295.54
2024-11-27,1521934.61
2024-11-28,1558975.4
2024-11-29,1664992.5
2024-12-02,1677275.41
2024-12-03,1690637.91
2024-12-04,1691234.35
2024-12-05,1716709.91
2024-12-06,1675480.22
2024-12-09,1639537.16
2024-12-10,1654436.47
2024-12-11,1654101.28
2024-12-12,1683667.13
2024-12-13,1647936.03
2024-12-16,1653744.65
2024-12-17,1587114.8
2024-12-18,1618976.46
2024-12-19,1641739.41
2024-12-20,1694080.33
2024-12-23,1667683.37
2024-12-24,1547805.63
2024-12-25,1515798.51
2024-12-26,1535029.62
2024-12-27,1513902.37
2024-12-30,1556307.18
2024-12-31,1562536.18
2025-01-01,1615210.51
2025-01-02,1596688.65
2025-01-03,1601933.25
2025-01-06,1603455.12
2025-01-07,1612604.29
2025-01-08,1638727.51
2025-01-09,1623753.0
2025-01-10,1624499.05
2025-01-13,1639171.19
2025-01-14,1654703.4
2025-01-15,1710494.49
2025-01-16,1751783.63
2025-01-17,1785906.1
2025-01-20,1843970.72
2025-01-21,1871642.61
2025-01-22,1830680.06
2025-01-23,1807071.88
2025-01-24,1848225.92
2025-01-27,1934108.15
2025-01-28,1902295.25
2025-01-29,1894508.52
2025-01-30,1881372.68
2025-01-31,1886829.47
2025-02-03,1941811.43
2025-02-04,1986778.86
2025-02-05,1949517.13
2025-02-06,1883324.2
2025-02-07,1915640.14
2025-02-10,2020369.01
2025-02-11,2042120.05
2025-02-12,2112149.39
2025-02-13,2060271.61
2025-02-14,2034421.34
2025-02-17,2038831.33
2025-02-18,2069819.2
2025-02-19,2101556.41
2025-02-20,2169497.61
2025-02-21,2166979.71
2025-02-24,2089983.61
2025-02-25,2093506.87
2025-02-26,2044044.77
2025-02-27,2037000.02
2025-02-28,2062248.3
2025-03-03,2032465.7
2025-03-04,2083532.53
2025-03-05,2062112.54
2025-03-06,2008294.54
2025-03-07,2081767.5
2025-03-10,2084014.49
2025-03-11,2001133.78
2025-03-12,2009611.06
2025-03-13,1999410.56
2025-03-14,2018239.99
2025-03-17,2084934.33
2025-03-18,2018058.15
2025-03-19,1972426.84
2025-03-20,1973049.84
2025-03-21,1951943.8
2025-03-24,2000661.15
2025-03-25,2005764.74
2025-03-26,2022437.71
2025-03-27,1991679.05
2025-03-28,1910380.28
2025-03-31,1878244.92
2025-04-01,1912073.43
2025-04-02,2061607.79
2025-04-03,2047643.17
2025-04-04,2029725.11
2025-04-07,2002726.13
2025-04-08,2037717.67
2025-04-09,1992590.56
2025-04-10,1977490.6
2025-04-11,2007742.41
2025-04-14,1992293.9
2025-04-15,2008338.34
2025-04-16,2035370.25
2025-04-17,2048308.03
2025-04-18,2059836.13
2025-04-21,1999502.86
2025-04-22,2023569.78
2025-04-23,1933749.74
2025-04-24,1992050.76
2025-04-25,2003302.9
2025-04-28,1996150.5
2025-04-29,1984236.16
2025-04-30,1967404.83
2025-05-01,1945955.88
2025-05-02,1986901.14
2025-05-05,1992181.49
2025-05-06,2015403.98
2025-05-07,1971800.17
2025-05-08,1983985.15
2025-05-09,2011721.64
2025-05-12,1989370.31
2025-05-13,1967477.05
2025-05-14,1955216.69
2025-05-15,2035793.64
2025-05-16,2004875.68
2025-05-19,2039087.86
2025-05-20,2060325.74
2025-05-21,2048243.23
2025-05-22,2090641.49
2025-05-23,2036974.57
2025-05-26,2038818.68
2025-05-27,2075460.02
2025-05-28,2016006.74
2025-05-29,2033158.06
2025-05-30,2008364.19
2025-06-02,1972431.64
2025-06-03,1982874.64
2025-06-04,1998085.96
2025-06-05,1995381.49
2025-06-06,1991516.33
2025-06-09,1996706.72
2025-06-10,1982380.0
2025-06-11,2014326.33
2025-06-12,1984869.69
2025-06-13,2062316.72
2025-06-16,2024870.16
2025-06-17,2052277.12
2025-06-18,2160403.07
2025-06-19,2160329.29
2025-06-20,2218817.43
2025-06-23,2203412.7
2025-06-24,2238300.5
2025-06-25,2217895.11
2025-06-26,2252236.04
2025-06-27,2213464.63
2025-06-30,2177545.43
2025-07-01,2119109.98
2025-07-02,2108428.7
2025-07-03,2127264.55
2025-07-04,2146914.12
2025-07-07,2207075.44
2025-07-08,2133148.44
2025-07-09,2093407.51
2025-07-10,2163815.1
2025-07-11,2178025.01
2025-07-14,2171204.55
2025-07-15,2207666.97
2025-07-16,2167876.58
2025-07-17,2146509.66
2025-07-18,2032001.18
2025-07-21,2022954.38
2025-07-22,2055164.27
2025-07-23,2056839.56
2025-07-24,2073591.61
2025-07-25,2031527.82
2025-07-28,2026002.5
2025-07-29,2017834.62
2025-07-30,2077782.0
2025-07-31,2065323.59
2025-08-01,2168001.14
2025-08-04,2150946.59
2025-08-05,2194302.64
2025-08-06,2262315.64
2025-08-07,2349632.75
2025-08-08,2362654.66
2025-08-11,2298174.01
2025-08-12,2365539.75
2025-08-13,2403445.93
2025-08-14,2444146.34
2025-08-15,2373046.58
2025-08-18,2340270.01
2025-08-19,2386007.5
2025-08-20,2465111.12
2025-08-21,2622125.35
2025-08-22,2550542.69
2025-08-25,2495798.25
2025-08-26,2510023.21
2025-08-27,2482099.54
2025-08-28,2519944.12
2025-08-29,2468551.15
2025-09-01,2532102.56
2025-09-02,2592154.15
2025-09-03,2665486.47
2025-09-04,2575425.73
2025-09-05,2728113.18
2025-09-08,2901616.06
2025-09-09,2886845.17
2025-09-10,2765413.02
2025-09-11,2806787.79
2025-09-12,2702740.02
2025-09-15,2726543.2
2025-09-16,2766980.93
2025-09-17,2665340.14
2025-09-18,2631122.52
2025-09-19,2646314.1
2025-09-22,2679058.19
2025-09-23,2603475.88
2025-09-24,2633538.96
2025-09-25,2626676.09
2025-09-26,2607493.68
2025-09-29,2568400.91
2025-09-30,2635784.29
2025-10-01,2632994.31
2025-10-02,2695381.81
2025-10-03,2738775.39
2025-10-06,2820211.95
2025-10-07,2747315.0
2025-10-08,2737835.19
2025-10-09,2768289.57
2025-10-10,2703941.87
2025-10-13,2826287.38
2025-10-14,2909242.1
2025-10-15,2822265.41
2025-10-16,2761260.01
2025-10-17,2841102.09
2025-10-20,2877378.98
2025-10-21,2824869.43
2025-10-22,2853213.58
2025-10-23,2992568.29
2025-10-24,2915925.37
2025-10-27,2951550.88
2025-10-28,3000692.95
2025-10-29,2922398.89
2025-10-30,2897677.09
2025-10-31,2820140.45
2025-11-03,2795070.36
2025-11-04,2844360.11
2025-11-05,3034359.98
2025-11-06,2989247.96
2025-11-07,2989493.47
2025-11-10,2945937.87
2025-11-11,2961991.4
2025-11-12,2974768.78
2025-11-13,2911498.65
2025-11-14,2927227.85
2025-11-17,2845940.83
2025-11-18,2789585.3
2025-11-19,2886779.31
2025-11-20,2862948.17
2025-11-21,2868181.27
2025-11-24,3000612.23
2025-11-25,2986695.45
2025-11-26,3007518.45
2025-11-27,2939906.61
2025-11-28,2894726.5
2025-12-01,2946576.86
2025-12-02,2912023.32
2025-12-03,2898336.68
2025-12-04,2749540.53
2025-12-05,2770046.49
2025-12-08,2724906.61
2025-12-09,2587360.67
2025-12-10,2482388.71
2025-12-11,2457270.98
2025-12-12,2442138.15
2025-12-15,2397260.61
2025-12-16,2449377.98
2025-12-17,2477607.29
2025-12-18,2502443.67
2025-12-19,2445550.05
2025-12-22,2545229.12
2025-12-23,2515193.48
2025-12-24,2532896.69
2025-12-25,2468051.13
2025-12-26,2439528.12
2025-12-29,2473784.47
2025-12-30,2448110.08
2025-12-31,2356233.72
2026-01-01,2376285.75
2026-01-02,2475716.34
2026-01-05,2439162.07
2026-01-06,2460024.83
2026-01-07,2486240.28
2026-01-08,2381394.57
2026-01-09,2356736.71
2026-01-12,2424400.36
2026-01-13,2420251.5
2026-01-14,2354483.75
2026-01-15,2382193.64
2026-01-16,2349360.88
2026-01-19,2515823.34
2026-01-20,2587000.97
2026-01-21,2525717.25
2026-01-22,2334356.77
2026-01-23,2350910.49
2026-01-26,2363741.32
2026-01-27,2400111.16
2026-01-28,2340499.0
2026-01-29,2304613.2
2026-01-30,2393232.25
2026-02-02,2395782.08
2026-02-03,2326860.04
2026-02-04,2304388.79
2026-02-05,2322205.19
2026-02-06,2425759.21
2026-02-09,2382750.87
2026-02-10,2314782.13
2026-02-11,2396940.14
2026-02-12,2520321.79
2026-02-13,2524486.31
2026-02-16,2528006.89
2026-02-17,2632859.08
2026-02-18,2674863.26
2026-02-19,2697428.31
2026-02-20,2632200.18
2026-02-23,2639576.79
2026-02-24,2605772.52
2026-02-25,2674547.65
2026-02-26,2558495.41
2026-02-27,2615053.11
2026-03-02,2539353.74
2026-03-03,2548267.82
2026-03-04,2587121.93
2026-03-05,2463368.55
2026-03-06,2440196.98
2026-03-09,2448471.09
2026-03-10,2427340.08
2026-03-11,2393419.13
2026-03-12,2484619.6
2026-03-13,2344671.75
2026-03-16,2296238.9
2026-03-17,2294961.72
2026-03-18,2303428.13
2026-03-19,2320831.57
2026-03-20,2229772.77
2026-03-23,2219256.06
2026-03-24,2218773.79
2026-03-25,2128794.83
2026-03-26,2165763.24
2026-03-27,2207497.6
2026-03-30,2193478.74
2026-03-31,2215736.84
2026-04-01,2254413.06
2026-04-02,2192618.79
2026-04-03,2231831.3
2026-04-06,2247510.3
2026-04-07,2327887.7
2026-04-08,2325090.54
2026-04-09,2487022.77
2026-04-10,2520913.51
2026-04-13,2518055.73
2026-04-14,2509466.51
2026-04-15,2637116.08
2026-04-16,2667079.25
2026-04-17,2637527.12
2026-04-20,2608129.75
2026-04-21,2683200.68
2026-04-22,2533840.74
2026-04-23,2532231.16
2026-04-24,2571961.61
2026-04-27,2495672.99
2026-04-28,2580560.04
2026-04-29,2537762.06
2026-04-30,2596238.06
2026-05-01,2655693.22
2026-05-04,2614802.82
2026-05-05,2625885.73
2026-05-06,2541424.23
2026-05-07,2562171.28
2026-05-08,2639194.83
2026-05-11,2622044.83
2026-05-12,2515317.12
2026-05-13,2523725.18
2026-05-14,2560362.2
2026-05-15,2546325.23
2026-05-18,2634638.23
2026-05-19,2718125.38
2026-05-20,2650885.78
2026-05-21,2542151.95
2026-05-22,2496891.44
2026-05-25,2525844.84
2026-05-26,2568096.37
2026-05-27,2621689.72
2026-05-28,2777158.76
2026-05-29,2622198.95
2026-06-01,2716273.13
2026-06-02,2646314.9
2026-06-03,2650948.05
2026-06-04,2706143.84
2026-06-05,2692038.63
2026-06-08,2689965.27
2026-06-09,2667754.4
2026-06-10,2714695.32
2026-06-11,2677629.69
2026-06-12,2717647.37
2026-06-15,2661139.86
2026-06-16,2733792.67
2026-06-17,2777266.45
2026-06-18,2703030.37
2026-06-19,2689240.87
2026-06-22,2710957.08
2026-06-23,2654159.35
2026-06-24,2732098.43
2026-06-25,2678141.11
2026-06-26,2722524.48
2026-06-29,2791084.65
2026-06-30,2783668.89
2026-07-01,2737777.32
2026-07-02,2687447.47
2026-07-03,2636039.53
2026-07-06,2713103.83
2026-07-07,2748309.37
2026-07-08,2737284.49
2026-07-09,2639204.47
2026-07-10,2525595.04
2026-07-13,2682191.8
2026-07-14,2768804.33
2026-07-15,2754216.34
2026-07-16,2815806.66
2026-07-17,2711977.03
2026-07-20,2744413.23
2026-07-21,2706731.48
2026-07-22,2718145.47
2026-07-23,2782830.64
2026-07-24,2744048.03
2026-07-27,2706230.83
2026-07-28,2736342.24
2026-07-29,2865236.47
2026-07-30,2881851.68
2026-07-31,2976370.84
2026-08-03,3104797.62
2026-08-04,2950849.67
2026-08-05,2842660.68
2026-08-06,2821997.65
2026-08-07,2721510.84
2026-08-10,2757737.89
2026-08-11,2766260.68
2026-08-12,2648405.34
2026-08-13,2700847.89
2026-08-14,2647867.31
2026-08-17,2670753.36
2026-08-18,2740761.52
2026-08-19,2734753.22
2026-08-20,2655090.36
2026-08-21,2599765.2
2026-08-24,2689925.06
2026-08-25,2719787.69
2026-08-26,2700317.91
2026-08-27,2767519.32
2026-08-28,2829905.23
2026-08-31,2843209.7
2026-09-01,2850677.32
2026-09-02,2894955.66
2026-09-03,2993027.25
2026-09-04,2928323.82
2026-09-07,2934047.33
2026-09-08,2944506.87
2026-09-09,2939044.68
