Date,Gold (USD/troy oz)
2010-01-01,1121.1
2010-01-04,1123.82
2010-01-05,1097.5
2010-01-06,1078.09
2010-01-07,1089.31
2010-01-08,1075.02
2010-01-11,1069.23
2010-01-12,1063.31
2010-01-13,1047.76
2010-01-14,1051.07
2010-01-15,1057.8
2010-01-18,1052.93
2010-01-19,1035.34
2010-01-20,1047.97
2010-01-21,1052.97
2010-01-22,1058.98
2010-01-25,1064.62
2010-01-26,1083.69
2010-01-27,1105.43
2010-01-28,1121.3
2010-01-29,1132.64
2010-02-01,1120.45
2010-02-02,1141.22
2010-02-03,1129.56
2010-02-04,1137.45
2010-02-05,1145.13
2010-02-08,1155.36
2010-02-09,1149.99
2010-02-10,1165.56
2010-02-11,1161.3
2010-02-12,1148.86
2010-02-15,1169.46
2010-02-16,1160.58
2010-02-17,1164.49
2010-02-18,1162.85
2010-02-19,1186.0
2010-02-22,1186.65
2010-02-23,1209.71
2010-02-24,1212.16
2010-02-25,1228.35
2010-02-26,1218.51
2010-03-01,1235.32
2010-03-02,1259.75
2010-03-03,1252.09
2010-03-04,1265.18
2010-03-05,1270.69
2010-03-08,1269.87
2010-03-09,1291.56
2010-03-10,1289.34
2010-03-11,1294.39
2010-03-12,1287.44
2010-03-15,1308.16
2010-03-16,1341.67
2010-03-17,1340.24
2010-03-18,1323.49
2010-03-19,1320.31
2010-03-22,1327.28
2010-03-23,1326.38
2010-03-24,1321.98
2010-03-25,1330.18
2010-03-26,1324.44
2010-03-29,1336.11
2010-03-30,1336.02
2010-03-31,1371.09
2010-04-01,1378.58
2010-04-02,1383.35
2010-04-05,1370.55
2010-04-06,1369.9
2010-04-07,1371.0
2010-04-08,1377.1
2010-04-09,1396.39
2010-04-12,1390.4
2010-04-13,1374.76
2010-04-14,1369.07
2010-04-15,1396.7
2010-04-16,1389.23
2010-04-19,1390.69
2010-04-20,1392.64
2010-04-21,1406.22
2010-04-22,1407.11
2010-04-23,1428.42
2010-04-26,1451.2
2010-04-27,1443.82
2010-04-28,1438.07
2010-04-29,1456.27
2010-04-30,1460.96
2010-05-03,1454.76
2010-05-04,1431.11
2010-05-05,1423.1
2010-05-06,1450.95
2010-05-07,1457.37
2010-05-10,1442.22
2010-05-11,1440.95
2010-05-12,1435.24
2010-05-13,1436.74
2010-05-14,1411.03
2010-05-17,1397.71
2010-05-18,1413.38
2010-05-19,1428.93
2010-05-20,1434.86
2010-05-21,1430.05
2010-05-24,1428.88
2010-05-25,1435.2
2010-05-26,1433.84
2010-05-27,1448.85
2010-05-28,1469.19
2010-05-31,1474.06
2010-06-01,1475.93
2010-06-02,1461.22
2010-06-03,1457.36
2010-06-04,1477.61
2010-06-07,1472.91
2010-06-08,1470.95
2010-06-09,1484.37
2010-06-10,1485.71
2010-06-11,1493.24
2010-06-14,1494.51
2010-06-15,1483.72
2010-06-16,1467.11
2010-06-17,1481.81
2010-06-18,1493.32
2010-06-21,1500.4
2010-06-22,1496.69
2010-06-23,1529.3
2010-06-24,1549.8
2010-06-25,1541.59
2010-06-28,1553.2
2010-06-29,1564.18
2010-06-30,1581.18
2010-07-01,1579.74
2010-07-02,1604.22
2010-07-05,1595.93
2010-07-06,1607.15
2010-07-07,1591.36
2010-07-08,1578.74
2010-07-09,1580.23
2010-07-12,1560.03
2010-07-13,1558.45
2010-07-14,1594.42
2010-07-15,1584.56
2010-07-16,1578.09
2010-07-19,1586.07
2010-07-20,1600.64
2010-07-21,1668.84
2010-07-22,1668.46
2010-07-23,1660.28
2010-07-26,1681.23
2010-07-27,1641.96
2010-07-28,1640.12
2010-07-29,1660.89
2010-07-30,1645.24
2010-08-02,1684.68
2010-08-03,1734.23
2010-08-04,1764.47
2010-08-05,1739.28
2010-08-06,1732.21
2010-08-09,1740.01
2010-08-10,1750.69
2010-08-11,1718.27
2010-08-12,1713.48
2010-08-13,1691.84
2010-08-16,1710.01
2010-08-17,1725.95
2010-08-18,1743.99
2010-08-19,1724.25
2010-08-20,1716.77
2010-08-23,1730.48
2010-08-24,1743.16
2010-08-25,1740.98
2010-08-26,1744.52
2010-08-27,1753.38
2010-08-30,1747.28
2010-08-31,1742.27
2010-09-01,1720.01
2010-09-02,1727.16
2010-09-03,1751.43
2010-09-06,1773.55
2010-09-07,1784.04
2010-09-08,1765.45
2010-09-09,1779.78
2010-09-10,1807.85
2010-09-13,1864.1
2010-09-14,1894.49
2010-09-15,1851.45
2010-09-16,1849.62
2010-09-17,1849.01
2010-09-20,1872.8
2010-09-21,1884.81
2010-09-22,1937.2
2010-09-23,1933.43
2010-09-24,1929.11
2010-09-27,1911.13
2010-09-28,1917.87
2010-09-29,1924.3
2010-09-30,1931.98
2010-10-01,1925.62
2010-10-04,1913.45
2010-10-05,1901.48
2010-10-06,1918.98
2010-10-07,1919.4
2010-10-08,1944.47
2010-10-11,1988.25
2010-10-12,2007.75
2010-10-13,1970.76
2010-10-14,1945.33
2010-10-15,1930.27
2010-10-18,1932.81
2010-10-19,1923.04
2010-10-20,1947.42
2010-10-21,1981.29
2010-10-22,2005.37
2010-10-25,1988.96
2010-10-26,2015.68
2010-10-27,2005.64
2010-10-28,2016.85
2010-10-29,2056.89
2010-11-01,2087.68
2010-11-02,2062.16
2010-11-03,2094.27
2010-11-04,2105.27
2010-11-05,2125.67
2010-11-08,2108.75
2010-11-09,2139.83
2010-11-10,2159.24
2010-11-11,2163.23
2010-11-12,2118.38
2010-11-15,2147.68
2010-11-16,2146.49
2010-11-17,2186.89
2010-11-18,2227.76
2010-11-19,2204.89
2010-11-22,2256.73
2010-11-23,2268.17
2010-11-24,2263.21
2010-11-25,2253.34
2010-11-26,2238.06
2010-11-29,2225.83
2010-11-30,2247.13
2010-12-01,2194.84
2010-12-02,2206.28
2010-12-03,2212.34
2010-12-06,2226.6
2010-12-07,2210.73
2010-12-08,2173.14
2010-12-09,2129.52
2010-12-10,2150.92
2010-12-13,2151.23
2010-12-14,2179.06
2010-12-15,2202.61
2010-12-16,2183.53
2010-12-17,2207.39
2010-12-20,2170.78
2010-12-21,2151.96
2010-12-22,2166.67
2010-12-23,2163.43
2010-12-24,2211.45
2010-12-27,2232.44
2010-12-28,2233.03
2010-12-29,2221.96
2010-12-30,2264.64
2010-12-31,2270.85
2011-01-03,2281.31
2011-01-04,2279.96
2011-01-05,2250.73
2011-01-06,2266.74
2011-01-07,2265.63
2011-01-10,2218.86
2011-01-11,2259.19
2011-01-12,2254.57
2011-01-13,2243.2
2011-01-14,2228.57
2011-01-17,2236.55
2011-01-18,2217.47
2011-01-19,2222.49
2011-01-20,2207.64
2011-01-21,2241.34
2011-01-24,2249.06
2011-01-25,2262.03
2011-01-26,2278.78
2011-01-27,2252.07
2011-01-28,2224.15
2011-01-31,2204.83
2011-02-01,2200.99
2011-02-02,2231.52
2011-02-03,2221.85
2011-02-04,2235.98
2011-02-07,2259.62
2011-02-08,2255.59
2011-02-09,2252.77
2011-02-10,2263.54
2011-02-11,2264.29
2011-02-14,2255.36
2011-02-15,2271.1
2011-02-16,2303.82
2011-02-17,2260.57
2011-02-18,2249.02
2011-02-21,2235.58
2011-02-22,2250.41
2011-02-23,2210.33
2011-02-24,2198.48
2011-02-25,2205.8
2011-02-28,2182.67
2011-03-01,2223.65
2011-03-02,2227.22
2011-03-03,2225.57
2011-03-04,2287.01
2011-03-07,2285.4
2011-03-08,2319.54
2011-03-09,2320.55
2011-03-10,2288.0
2011-03-11,2216.71
2011-03-14,2190.84
2011-03-15,2192.18
2011-03-16,2207.58
2011-03-17,2254.98
2011-03-18,2240.2
2011-03-21,2276.93
2011-03-22,2235.76
2011-03-23,2228.29
2011-03-24,2242.21
2011-03-25,2254.88
2011-03-28,2234.47
2011-03-29,2244.08
2011-03-30,2336.59
2011-03-31,2352.58
2011-04-01,2354.31
2011-04-04,2379.35
2011-04-05,2361.95
2011-04-06,2358.77
2011-04-07,2369.25
2011-04-08,2452.8
2011-04-11,2471.89
2011-04-12,2488.15
2011-04-13,2487.75
2011-04-14,2502.94
2011-04-15,2529.02
2011-04-18,2565.37
2011-04-19,2593.23
2011-04-20,2592.5
2011-04-21,2594.86
2011-04-22,2584.02
2011-04-25,2603.74
2011-04-26,2615.35
2011-04-27,2623.83
2011-04-28,2650.09
2011-04-29,2684.99
2011-05-02,2717.75
2011-05-03,2657.1
2011-05-04,2645.01
2011-05-05,2658.29
2011-05-06,2675.24
2011-05-09,2698.95
2011-05-10,2728.79
2011-05-11,2722.34
2011-05-12,2709.1
2011-05-13,2744.62
2011-05-16,2705.1
2011-05-17,2678.64
2011-05-18,2701.35
2011-05-19,2741.16
2011-05-20,2747.08
2011-05-23,2756.79
2011-05-24,2758.2
2011-05-25,2787.78
2011-05-26,2824.19
2011-05-27,2874.49
2011-05-30,2805.37
2011-05-31,2771.39
2011-06-01,2790.24
2011-06-02,2753.95
2011-06-03,2720.38
2011-06-06,2705.12
2011-06-07,2659.46
2011-06-08,2633.5
2011-06-09,2620.49
2011-06-10,2645.77
2011-06-13,2684.49
2011-06-14,2648.49
2011-06-15,2627.25
2011-06-16,2631.52
2011-06-17,2623.8
2011-06-20,2639.13
2011-06-21,2623.0
2011-06-22,2633.48
2011-06-23,2619.62
2011-06-24,2655.64
2011-06-27,2665.01
2011-06-28,2730.78
2011-06-29,2706.62
2011-06-30,2681.96
2011-07-01,2660.84
2011-07-04,2655.28
2011-07-05,2705.77
2011-07-06,2692.0
2011-07-07,2669.99
2011-07-08,2682.35
2011-07-11,2651.7
2011-07-12,2687.64
2011-07-13,2616.82
2011-07-14,2620.89
2011-07-15,2649.17
2011-07-18,2664.22
2011-07-19,2634.16
2011-07-20,2662.79
2011-07-21,2666.22
2011-07-22,2710.17
2011-07-25,2759.32
2011-07-26,2801.61
2011-07-27,2796.75
2011-07-28,2825.19
2011-07-29,2884.15
2011-08-01,2841.5
2011-08-02,2814.98
2011-08-03,2826.02
2011-08-04,2825.17
2011-08-05,2864.23
2011-08-08,2879.86
2011-08-09,2873.29
2011-08-10,2816.0
2011-08-11,2880.87
2011-08-12,2887.76
2011-08-15,2913.95
2011-08-16,2969.03
2011-08-17,2930.01
2011-08-18,2875.16
2011-08-19,2892.46
2011-08-22,2919.06
2011-08-23,2934.64
2011-08-24,2899.07
2011-08-25,2875.64
2011-08-26,2861.39
2011-08-29,2868.42
2011-08-30,2855.79
2011-08-31,2843.78
2011-09-01,2811.9
2011-09-02,2793.0
2011-09-05,2760.86
2011-09-06,2758.75
2011-09-07,2791.65
2011-09-08,2849.2
2011-09-09,2850.39
2011-09-12,2905.97
2011-09-13,2946.41
2011-09-14,2952.1
2011-09-15,2953.88
2011-09-16,3008.09
2011-09-19,3051.33
2011-09-20,3064.03
2011-09-21,3087.38
2011-09-22,3117.46
2011-09-23,3163.26
2011-09-26,3116.64
2011-09-27,3143.46
2011-09-28,3154.85
2011-09-29,3166.68
2011-09-30,3188.36
2011-10-03,3201.98
2011-10-04,3268.85
2011-10-05,3342.79
2011-10-06,3344.81
2011-10-07,3364.4
2011-10-10,3395.62
2011-10-11,3349.92
2011-10-12,3375.41
2011-10-13,3407.51
2011-10-14,3416.34
2011-10-17,3444.58
2011-10-18,3462.27
2011-10-19,3508.63
2011-10-20,3496.75
2011-10-21,3455.84
2011-10-24,3396.75
2011-10-25,3396.39
2011-10-26,3407.63
2011-10-27,3462.04
2011-10-28,3468.45
2011-10-31,3449.87
2011-11-01,3439.92
2011-11-02,3461.38
2011-11-03,3492.04
2011-11-04,3530.34
2011-11-07,3503.69
2011-11-08,3526.86
2011-11-09,3530.13
2011-11-10,3510.14
2011-11-11,3594.39
2011-11-14,3560.11
2011-11-15,3575.97
2011-11-16,3584.86
2011-11-17,3621.68
2011-11-18,3618.81
2011-11-21,3710.79
2011-11-22,3732.45
2011-11-23,3766.44
2011-11-24,3819.72
2011-11-25,3822.33
2011-11-28,3888.42
2011-11-29,3933.86
2011-11-30,3911.98
2011-12-01,3891.57
2011-12-02,3926.51
2011-12-05,3845.06
2011-12-06,3847.76
2011-12-07,3889.86
2011-12-08,3863.44
2011-12-09,3927.56
2011-12-12,3965.94
2011-12-13,3941.52
2011-12-14,3898.63
2011-12-15,3912.63
2011-12-16,3780.78
2011-12-19,3824.33
2011-12-20,3759.19
2011-12-21,3841.21
2011-12-22,3868.56
2011-12-23,3856.6
2011-12-26,3849.69
2011-12-27,3925.86
2011-12-28,3932.52
2011-12-29,3957.54
2011-12-30,3915.07
2012-01-02,3936.85
2012-01-03,3926.41
2012-01-04,3965.48
2012-01-05,3924.42
2012-01-06,3882.36
2012-01-09,3851.18
2012-01-10,3897.94
2012-01-11,3886.22
2012-01-12,3879.73
2012-01-13,3868.7
2012-01-16,3890.83
2012-01-17,3818.05
2012-01-18,3898.54
2012-01-19,3908.19
2012-01-20,3925.15
2012-01-23,3831.13
2012-01-24,3839.34
2012-01-25,3851.88
2012-01-26,3789.62
2012-01-27,3782.85
2012-01-30,3730.69
2012-01-31,3723.13
2012-02-01,3761.93
2012-02-02,3760.14
2012-02-03,3882.84
2012-02-06,3923.94
2012-02-07,3869.27
2012-02-08,3902.15
2012-02-09,3948.1
2012-02-10,4012.87
2012-02-13,4032.31
2012-02-14,4068.8
2012-02-15,4064.33
2012-02-16,4117.44
2012-02-17,4119.84
2012-02-20,4131.02
2012-02-21,4058.74
2012-02-22,4035.04
2012-02-23,4114.24
2012-02-24,4011.23
2012-02-27,4021.13
2012-02-28,4075.38
2012-02-29,4211.26
2012-03-01,4294.58
2012-03-02,4384.71
2012-03-05,4413.49
2012-03-06,4357.0
2012-03-07,4326.71
2012-03-08,4335.24
2012-03-09,4262.39
2012-03-12,4313.89
2012-03-13,4303.64
2012-03-14,4320.71
2012-03-15,4425.28
2012-03-16,4324.92
2012-03-19,4253.79
2012-03-20,4230.24
2012-03-21,4231.13
2012-03-22,4229.15
2012-03-23,4321.79
2012-03-26,4329.53
2012-03-27,4456.79
2012-03-28,4391.5
2012-03-29,4381.91
2012-03-30,4364.17
2012-04-02,4432.3
2012-04-03,4440.73
2012-04-04,4387.8
2012-04-05,4469.71
2012-04-06,4545.96
2012-04-09,4617.15
2012-04-10,4610.93
2012-04-11,4700.68
2012-04-12,4713.37
2012-04-13,4730.11
2012-04-16,4682.26
2012-04-17,4679.56
2012-04-18,4629.86
2012-04-19,4662.39
2012-04-20,4716.23
2012-04-23,4886.24
2012-04-24,4881.14
2012-04-25,4888.1
2012-04-26,4851.62
2012-04-27,4861.76
2012-04-30,4886.27
2012-05-01,4815.07
2012-05-02,4802.42
2012-05-03,4747.28
2012-05-04,4835.2
2012-05-07,4762.26
2012-05-08,4858.27
2012-05-09,4826.01
2012-05-10,4820.5
2012-05-11,4859.24
2012-05-14,4899.38
2012-05-15,4900.19
2012-05-16,4975.0
2012-05-17,4986.33
2012-05-18,4969.44
2012-05-21,4933.85
2012-05-22,4921.75
2012-05-23,4866.84
2012-05-24,4959.32
2012-05-25,4972.07
2012-05-28,4968.88
2012-05-29,4902.41
2012-05-30,4938.0
2012-05-31,4958.69
2012-06-01,4942.27
2012-06-04,4996.15
2012-06-05,4976.97
2012-06-06,5031.1
2012-06-07,5148.91
2012-06-08,5103.06
2012-06-11,5136.33
2012-06-12,5062.22
2012-06-13,5217.58
2012-06-14,5241.7
2012-06-15,5268.79
2012-06-18,5262.9
2012-06-19,5221.23
2012-06-20,5155.18
2012-06-21,5208.31
2012-06-22,5280.27
2012-06-25,5301.54
2012-06-26,5357.35
2012-06-27,5297.93
2012-06-28,5295.54
2012-06-29,5314.82
2012-07-02,5351.62
2012-07-03,5338.35
2012-07-04,5427.36
2012-07-05,5477.93
2012-07-06,5485.25
2012-07-09,5528.75
2012-07-10,5522.14
2012-07-11,5571.56
2012-07-12,5545.52
2012-07-13,5610.75
2012-07-16,5597.93
2012-07-17,5528.96
2012-07-18,5615.69
2012-07-19,5577.91
2012-07-20,5613.97
2012-07-23,5578.05
2012-07-24,5645.06
2012-07-25,5655.75
2012-07-26,5729.72
2012-07-27,5807.84
2012-07-30,5898.14
2012-07-31,5969.8
2012-08-01,6041.46
2012-08-02,6111.68
2012-08-03,6203.5
2012-08-06,6329.86
2012-08-07,6254.52
2012-08-08,6381.41
2012-08-09,6298.68
2012-08-10,6379.01
2012-08-13,6533.1
2012-08-14,6607.87
2012-08-15,6746.19
2012-08-16,6721.48
2012-08-17,6834.5
2012-08-20,6782.98
2012-08-21,6765.44
2012-08-22,6840.75
2012-08-23,6965.22
2012-08-24,7181.29
2012-08-27,7212.52
2012-08-28,7279.96
2012-08-29,7323.31
2012-08-30,7416.24
2012-08-31,7414.69
2012-09-03,7424.68
2012-09-04,7472.05
2012-09-05,7471.59
2012-09-06,7481.51
2012-09-07,7541.46
2012-09-10,7602.0
2012-09-11,7639.53
2012-09-12,7590.13
2012-09-13,7688.16
2012-09-14,7649.47
2012-09-17,7443.97
2012-09-18,7499.38
2012-09-19,7561.51
2012-09-20,7419.52
2012-09-21,7429.69
2012-09-24,7457.49
2012-09-25,7479.81
2012-09-26,7363.12
2012-09-27,7413.89
2012-09-28,7242.01
2012-10-01,7170.5
2012-10-02,7245.86
2012-10-03,7228.73
2012-10-04,7128.07
2012-10-05,7228.7
2012-10-08,7420.11
2012-10-09,7239.39
2012-10-10,7154.75
2012-10-11,7282.71
2012-10-12,7312.25
2012-10-15,7356.84
2012-10-16,7214.7
2012-10-17,7163.24
2012-10-18,7267.06
2012-10-19,7211.63
2012-10-22,7283.6
2012-10-23,7288.6
2012-10-24,7241.09
2012-10-25,7430.15
2012-10-26,7433.96
2012-10-29,7324.6
2012-10-30,7335.35
2012-10-31,7390.66
2012-11-01,7459.23
2012-11-02,7548.37
2012-11-05,7483.08
2012-11-06,7505.38
2012-11-07,7559.88
2012-11-08,7638.72
2012-11-09,7772.62
2012-11-12,7751.55
2012-11-13,7711.99
2012-11-14,7617.44
2012-11-15,7679.55
2012-11-16,7616.34
2012-11-19,7627.26
2012-11-20,7773.99
2012-11-21,7678.12
2012-11-22,7736.19
2012-11-23,7744.47
2012-11-26,7919.25
2012-11-27,7832.17
2012-11-28,7750.14
2012-11-29,7795.7
2012-11-30,7747.93
2012-12-03,7882.21
2012-12-04,8010.21
2012-12-05,8086.85
2012-12-06,8002.95
2012-12-07,8334.86
2012-12-10,8229.78
2012-12-11,8256.17
2012-12-12,8095.92
2012-12-13,8145.68
2012-12-14,8231.46
2012-12-17,8245.25
2012-12-18,8317.96
2012-12-19,8130.4
2012-12-20,8090.03
2012-12-21,8221.48
2012-12-24,8260.35
2012-12-25,8483.12
2012-12-26,8413.42
2012-12-27,8501.17
2012-12-28,8452.27
2012-12-31,8424.36
2013-01-01,8222.65
2013-01-02,8167.8
2013-01-03,8115.71
2013-01-04,8076.98
2013-01-07,8098.39
2013-01-08,8074.12
2013-01-09,8217.09
2013-01-10,8175.86
2013-01-11,8160.49
2013-01-14,8203.55
2013-01-15,8171.13
2013-01-16,8291.29
2013-01-17,8336.11
2013-01-18,8284.38
2013-01-21,8437.25
2013-01-22,8354.75
2013-01-23,8436.8
2013-01-24,8605.97
2013-01-25,8620.26
2013-01-28,8630.99
2013-01-29,8765.47
2013-01-30,8850.33
2013-01-31,8815.72
2013-02-01,8829.38
2013-02-04,8897.27
2013-02-05,8615.02
2013-02-06,8863.35
2013-02-07,8880.19
2013-02-08,8934.14
2013-02-11,8839.08
2013-02-12,9039.17
2013-02-13,9140.24
2013-02-14,9045.31
2013-02-15,9061.31
2013-02-18,9070.96
2013-02-19,9001.71
2013-02-20,9035.69
2013-02-21,9097.24
2013-02-22,9123.68
2013-02-25,8931.41
2013-02-26,8864.54
2013-02-27,9126.76
2013-02-28,8975.16
2013-03-01,9107.39
2013-03-04,9148.22
2013-03-05,9326.45
2013-03-06,9335.99
2013-03-07,9284.9
2013-03-08,9377.38
2013-03-11,9338.7
2013-03-12,9243.21
2013-03-13,9418.9
2013-03-14,9381.17
2013-03-15,9303.2
2013-03-18,9443.76
2013-03-19,9609.41
2013-03-20,9701.77
2013-03-21,9549.8
2013-03-22,9367.51
2013-03-25,9316.63
2013-03-26,9336.7
2013-03-27,9521.79
2013-03-28,9610.9
2013-03-29,9799.14
2013-04-01,9634.52
2013-04-02,9573.1
2013-04-03,9571.52
2013-04-04,9583.14
2013-04-05,9726.48
2013-04-08,9603.58
2013-04-09,9569.05
2013-04-10,9454.36
2013-04-11,9592.63
2013-04-12,9578.42
2013-04-15,9494.14
2013-04-16,9483.11
2013-04-17,9547.7
2013-04-18,9625.69
2013-04-19,9633.12
2013-04-22,9652.17
2013-04-23,9724.79
2013-04-24,9770.0
2013-04-25,9813.35
2013-04-26,9871.87
2013-04-29,9907.94
2013-04-30,10001.91
2013-05-01,10030.43
2013-05-02,10153.77
2013-05-03,10152.09
2013-05-06,10300.83
2013-05-07,10136.78
2013-05-08,10169.98
2013-05-09,10130.72
2013-05-10,10194.47
2013-05-13,10070.81
2013-05-14,10141.05
2013-05-15,10199.49
2013-05-16,10075.18
2013-05-17,10187.48
2013-05-20,10271.81
2013-05-21,10259.13
2013-05-22,10119.31
2013-05-23,10036.31
2013-05-24,9817.09
2013-05-27,9871.92
2013-05-28,9851.17
2013-05-29,9900.12
2013-05-30,9985.77
2013-05-31,10043.2
2013-06-03,10149.47
2013-06-04,10012.96
2013-06-05,9996.56
2013-06-06,10129.47
2013-06-07,10070.75
2013-06-10,10056.35
2013-06-11,9832.83
2013-06-12,9819.4
2013-06-13,9974.32
2013-06-14,10006.05
2013-06-17,9782.73
2013-06-18,9965.13
2013-06-19,9760.23
2013-06-20,9899.46
2013-06-21,10022.87
2013-06-24,9996.79
2013-06-25,9877.39
2013-06-26,10062.57
2013-06-27,9884.44
2013-06-28,9798.47
2013-07-01,9743.62
2013-07-02,9840.27
2013-07-03,9949.58
2013-07-04,9853.13
2013-07-05,9990.01
2013-07-08,9841.15
2013-07-09,9772.46
2013-07-10,9888.86
2013-07-11,10008.26
2013-07-12,10179.27
2013-07-15,10147.18
2013-07-16,10029.21
2013-07-17,10008.45
2013-07-18,9898.59
2013-07-19,9799.62
2013-07-22,9786.34
2013-07-23,9839.14
2013-07-24,9853.97
2013-07-25,9641.84
2013-07-26,9635.81
2013-07-29,9798.87
2013-07-30,9839.62
2013-07-31,9801.28
2013-08-01,9999.92
2013-08-02,10058.79
2013-08-05,10169.5
2013-08-06,9947.39
2013-08-07,10096.8
2013-08-08,10162.44
2013-08-09,10205.68
2013-08-12,9998.16
2013-08-13,10270.09
2013-08-14,10099.25
2013-08-15,10198.41
2013-08-16,10291.0
2013-08-19,10475.21
2013-08-20,10528.26
2013-08-21,10683.65
2013-08-22,10692.41
2013-08-23,10696.57
2013-08-26,10789.25
2013-08-27,10871.45
2013-08-28,11042.45
2013-08-29,11012.29
2013-08-30,11050.04
2013-09-02,11344.51
2013-09-03,11273.96
2013-09-04,10943.91
2013-09-05,11243.25
2013-09-06,11199.47
2013-09-09,11300.8
2013-09-10,11394.7
2013-09-11,11590.77
2013-09-12,11831.08
2013-09-13,11798.03
2013-09-16,11964.36
2013-09-17,11763.48
2013-09-18,12233.25
2013-09-19,12610.93
2013-09-20,12899.26
2013-09-23,12956.9
2013-09-24,12922.45
2013-09-25,12930.46
2013-09-26,12908.27
2013-09-27,13001.35
2013-09-30,12897.55
2013-10-01,12973.66
2013-10-02,12812.1
2013-10-03,13066.75
2013-10-04,13270.19
2013-10-07,13131.72
2013-10-08,13153.34
2013-10-09,13062.52
2013-10-10,12901.82
2013-10-11,13049.22
2013-10-14,12901.31
2013-10-15,12840.17
2013-10-16,12872.92
2013-10-17,13185.65
2013-10-18,13121.51
2013-10-21,13404.81
2013-10-22,13318.94
2013-10-23,13813.41
2013-10-24,13855.22
2013-10-25,13915.41
2013-10-28,13898.68
2013-10-29,13706.76
2013-10-30,13848.43
2013-10-31,14090.35
2013-11-01,14126.43
2013-11-04,14390.4
2013-11-05,14328.49
2013-11-06,14474.81
2013-11-07,14723.39
2013-11-08,14639.25
2013-11-11,14663.56
2013-11-12,14946.61
2013-11-13,15210.06
2013-11-14,15078.48
2013-11-15,15219.78
2013-11-18,15082.36
2013-11-19,15307.98
2013-11-20,14987.99
2013-11-21,14918.96
2013-11-22,14661.06
2013-11-25,14653.9
2013-11-26,14628.85
2013-11-27,14347.02
2013-11-28,14235.67
2013-11-29,14365.36
2013-12-02,14150.86
2013-12-03,13994.1
2013-12-04,13771.17
2013-12-05,13887.3
2013-12-06,14041.94
2013-12-09,14049.1
2013-12-10,14348.47
2013-12-11,14783.12
2013-12-12,14847.23
2013-12-13,14549.9
2013-12-16,14797.93
2013-12-17,14970.98
2013-12-18,15020.66
2013-12-19,15347.64
2013-12-20,15535.33
2013-12-23,15283.17
2013-12-24,15550.06
2013-12-25,15390.3
2013-12-26,15354.94
2013-12-27,15342.71
2013-12-30,15410.08
2013-12-31,15286.1
2014-01-01,15434.09
2014-01-02,15573.6
2014-01-03,15561.97
2014-01-06,15536.9
2014-01-07,15276.2
2014-01-08,15067.7
2014-01-09,15035.01
2014-01-10,15063.22
2014-01-13,15104.13
2014-01-14,15237.5
2014-01-15,15233.94
2014-01-16,15058.36
2014-01-17,15264.91
2014-01-20,15639.32
2014-01-21,15677.09
2014-01-22,15393.71
2014-01-23,15529.45
2014-01-24,14970.03
2014-01-27,14782.43
2014-01-28,14748.39
2014-01-29,14532.69
2014-01-30,14546.5
2014-01-31,14570.69
2014-02-03,14519.01
2014-02-04,14549.43
2014-02-05,14613.43
2014-02-06,14767.62
2014-02-07,14667.5
2014-02-10,14543.28
2014-02-11,14367.97
2014-02-12,14549.17
2014-02-13,14509.07
2014-02-14,14385.01
2014-02-17,14410.12
2014-02-18,14605.67
2014-02-19,14518.54
2014-02-20,14773.68
2014-02-21,14577.81
2014-02-24,14538.67
2014-02-25,14461.42
2014-02-26,14500.01
2014-02-27,14748.62
2014-02-28,14658.38
2014-03-03,14671.08
2014-03-04,14741.48
2014-03-05,14448.45
2014-03-06,14532.98
2014-03-07,14515.31
2014-03-10,14859.82
2014-03-11,15181.47
2014-03-12,15064.31
2014-03-13,15053.17
2014-03-14,14701.14
2014-03-17,14934.74
2014-03-18,14999.98
2014-03-19,14942.78
2014-03-20,15156.87
2014-03-21,15208.43
2014-03-24,15137.56
2014-03-25,15018.44
2014-03-26,14976.06
2014-03-27,15023.52
2014-03-28,15208.33
2014-03-31,15268.86
2014-04-01,15234.19
2014-04-02,15309.71
2014-04-03,15468.11
2014-04-04,15406.36
2014-04-07,15214.86
2014-04-08,15500.65
2014-04-09,15683.98
2014-04-10,15599.68
2014-04-11,15748.54
2014-04-14,15634.76
2014-04-15,15758.07
2014-04-16,15830.16
2014-04-17,16202.18
2014-04-18,15990.04
2014-04-21,15946.35
2014-04-22,16174.61
2014-04-23,16181.22
2014-04-24,16064.95
2014-04-25,16094.44
2014-04-28,16090.88
2014-04-29,16311.74
2014-04-30,16338.78
2014-05-01,16321.1
2014-05-02,16478.89
2014-05-05,16298.09
2014-05-06,15925.55
2014-05-07,16383.97
2014-05-08,16414.8
2014-05-09,16465.84
2014-05-12,16470.84
2014-05-13,16583.34
2014-05-14,16625.55
2014-05-15,16906.86
2014-05-16,17006.58
2014-05-19,17511.19
2014-05-20,17729.29
2014-05-21,18295.24
2014-05-22,18410.29
2014-05-23,18298.63
2014-05-26,18535.31
2014-05-27,18299.82
2014-05-28,18289.11
2014-05-29,18646.12
2014-05-30,18925.56
2014-06-02,18739.6
2014-06-03,18836.04
2014-06-04,19292.02
2014-06-05,19136.1
2014-06-06,18673.19
2014-06-09,18623.16
2014-06-10,18573.19
2014-06-11,18492.81
2014-06-12,18984.45
2014-06-13,19220.96
2014-06-16,19218.28
2014-06-17,19355.3
2014-06-18,19351.48
2014-06-19,19515.49
2014-06-20,19469.44
2014-06-23,19852.99
2014-06-24,19935.11
2014-06-25,19987.78
2014-06-26,20064.85
2014-06-27,19809.87
2014-06-30,19933.87
2014-07-01,19780.47
2014-07-02,19351.48
2014-07-03,19493.48
2014-07-04,19473.05
2014-07-07,19454.09
2014-07-08,19595.62
2014-07-09,20045.34
2014-07-10,20843.26
2014-07-11,20719.97
2014-07-14,20416.93
2014-07-15,20625.52
2014-07-16,20818.89
2014-07-17,20595.89
2014-07-18,20615.8
2014-07-21,20698.58
2014-07-22,21080.84
2014-07-23,21406.03
2014-07-24,20870.42
2014-07-25,21001.71
2014-07-28,21493.77
2014-07-29,21400.87
2014-07-30,21268.94
2014-07-31,21062.92
2014-08-01,21048.81
2014-08-04,21251.88
2014-08-05,21553.1
2014-08-06,21925.49
2014-08-07,22053.9
2014-08-08,22516.86
2014-08-11,22551.56
2014-08-12,22453.51
2014-08-13,22212.06
2014-08-14,22408.28
2014-08-15,22725.88
2014-08-18,23255.19
2014-08-19,23277.91
2014-08-20,23687.76
2014-08-21,23996.91
2014-08-22,23970.79
2014-08-25,23915.79
2014-08-26,23957.47
2014-08-27,23960.89
2014-08-28,23921.49
2014-08-29,24254.43
2014-09-01,24247.71
2014-09-02,23843.79
2014-09-03,23833.2
2014-09-04,24044.4
2014-09-05,24090.5
2014-09-08,23684.28
2014-09-09,23617.2
2014-09-10,23442.11
2014-09-11,23377.36
2014-09-12,23668.37
2014-09-15,24076.04
2014-09-16,23989.29
2014-09-17,23855.04
2014-09-18,23631.71
2014-09-19,23644.39
2014-09-22,23445.86
2014-09-23,22798.26
2014-09-24,22877.98
2014-09-25,22856.92
2014-09-26,22965.2
2014-09-29,23614.05
2014-09-30,23681.49
2014-10-01,23487.83
2014-10-02,23323.17
2014-10-03,23852.63
2014-10-06,23796.36
2014-10-07,23855.88
2014-10-08,24022.96
2014-10-09,24298.02
2014-10-10,24282.68
2014-10-13,24240.7
2014-10-14,23988.26
2014-10-15,23917.93
2014-10-16,23714.07
2014-10-17,23900.55
2014-10-20,24020.12
2014-10-21,24325.13
2014-10-22,24282.95
2014-10-23,23853.74
2014-10-24,23740.25
2014-10-27,23552.19
2014-10-28,23944.55
2014-10-29,23926.44
2014-10-30,23782.12
2014-10-31,23583.84
2014-11-03,23603.75
2014-11-04,23584.58
2014-11-05,24110.71
2014-11-06,24229.84
2014-11-07,24176.81
2014-11-10,24177.25
2014-11-11,23943.09
2014-11-12,24016.16
2014-11-13,23897.11
2014-11-14,24121.42
2014-11-17,23926.66
2014-11-18,23848.93
2014-11-19,23697.12
2014-11-20,23640.31
2014-11-21,24155.73
2014-11-24,24641.17
2014-11-25,25096.5
2014-11-26,25292.38
2014-11-27,25672.82
2014-11-28,26057.23
2014-12-01,25571.7
2014-12-02,25653.74
2014-12-03,26023.28
2014-12-04,26489.93
2014-12-05,26358.16
2014-12-08,26448.8
2014-12-09,26608.48
2014-12-10,26017.63
2014-12-11,26191.54
2014-12-12,26341.53
2014-12-15,26420.47
2014-12-16,26248.51
2014-12-17,26525.25
2014-12-18,26014.82
2014-12-19,26636.28
2014-12-22,27073.32
2014-12-23,27189.91
2014-12-24,27286.38
2014-12-25,27208.5
2014-12-26,27446.85
2014-12-29,27954.55
2014-12-30,28182.58
2014-12-31,28016.73
2015-01-01,27889.48
2015-01-02,28610.92
2015-01-05,28450.1
2015-01-06,28807.32
2015-01-07,28745.96
2015-01-08,28764.45
2015-01-09,29059.19
2015-01-12,28911.12
2015-01-13,29308.61
2015-01-14,29166.28
2015-01-15,29203.53
2015-01-16,28940.4
2015-01-19,28096.08
2015-01-20,28559.4
2015-01-21,29076.49
2015-01-22,29743.22
2015-01-23,29508.48
2015-01-26,30281.87
2015-01-27,30000.51
2015-01-28,30318.63
2015-01-29,30275.46
2015-01-30,30956.17
2015-02-02,30506.52
2015-02-03,30389.64
2015-02-04,30354.83
2015-02-05,30302.41
2015-02-06,29800.14
2015-02-09,30482.9
2015-02-10,30888.65
2015-02-11,31111.53
2015-02-12,31022.01
2015-02-13,30632.44
2015-02-16,30863.67
2015-02-17,30539.66
2015-02-18,30843.31
2015-02-19,30576.79
2015-02-20,30483.44
2015-02-23,30073.0
2015-02-24,29923.32
2015-02-25,29388.08
2015-02-26,29100.37
2015-02-27,29199.08
2015-03-02,29354.84
2015-03-03,29588.5
2015-03-04,29895.6
2015-03-05,30021.78
2015-03-06,29130.81
2015-03-09,29334.45
2015-03-10,29915.51
2015-03-11,30037.94
2015-03-12,30986.14
2015-03-13,30758.87
2015-03-16,31065.47
2015-03-17,31221.96
2015-03-18,31164.25
2015-03-19,31706.14
2015-03-20,31991.57
2015-03-23,31406.86
2015-03-24,30980.94
2015-03-25,31263.13
2015-03-26,31429.12
2015-03-27,31547.78
2015-03-30,31070.22
2015-03-31,31476.67
2015-04-01,31770.42
2015-04-02,31970.57
2015-04-03,32396.21
2015-04-06,32917.1
2015-04-07,32404.33
2015-04-08,32081.99
2015-04-09,32143.37
2015-04-10,32642.89
2015-04-13,32772.66
2015-04-14,32654.94
2015-04-15,32903.63
2015-04-16,33145.04
2015-04-17,33112.09
2015-04-20,33994.82
2015-04-21,33912.01
2015-04-22,34186.46
2015-04-23,33682.94
2015-04-24,34428.34
2015-04-27,34540.36
2015-04-28,34681.86
2015-04-29,35268.48
2015-04-30,34628.3
2015-05-01,35444.47
2015-05-04,35831.05
2015-05-05,35594.12
2015-05-06,35751.89
2015-05-07,35178.77
2015-05-08,35425.69
2015-05-11,35442.72
2015-05-12,35106.16
2015-05-13,35396.75
2015-05-14,35459.89
2015-05-15,35261.96
2015-05-18,35459.63
2015-05-19,35404.63
2015-05-20,35664.64
2015-05-21,35948.12
2015-05-22,34988.57
2015-05-25,35602.51
2015-05-26,35939.63
2015-05-27,36070.77
2015-05-28,36553.19
2015-05-29,36906.61
2015-06-01,36579.3
2015-06-02,35658.35
2015-06-03,36056.49
2015-06-04,36333.11
2015-06-05,36102.49
2015-06-08,35827.44
2015-06-09,35966.97
2015-06-10,36224.97
2015-06-11,36764.62
2015-06-12,37144.43
2015-06-15,36586.97
2015-06-16,36876.1
2015-06-17,36789.23
2015-06-18,37222.84
2015-06-19,37547.44
2015-06-22,37949.55
2015-06-23,38807.58
2015-06-24,38368.61
2015-06-25,38552.29
2015-06-26,38319.35
2015-06-29,38734.03
2015-06-30,38755.64
2015-07-01,38726.27
2015-07-02,38654.43
2015-07-03,38445.12
2015-07-06,39081.18
2015-07-07,39560.89
2015-07-08,39648.55
2015-07-09,39675.75
2015-07-10,39892.67
2015-07-13,40052.13
2015-07-14,40255.9
2015-07-15,40689.62
2015-07-16,40785.42
2015-07-17,40806.69
2015-07-20,40628.53
2015-07-21,40332.54
2015-07-22,40317.78
2015-07-23,40549.06
2015-07-24,40758.64
2015-07-27,41019.23
2015-07-28,40674.58
2015-07-29,41552.13
2015-07-30,42436.06
2015-07-31,42094.89
2015-08-03,42663.75
2015-08-04,42043.49
2015-08-05,41836.03
2015-08-06,40897.82
2015-08-07,40870.39
2015-08-10,40679.58
2015-08-11,41647.68
2015-08-12,41924.99
2015-08-13,42264.67
2015-08-14,43009.52
2015-08-17,43076.6
2015-08-18,43551.73
2015-08-19,43497.86
2015-08-20,42625.27
2015-08-21,42311.66
2015-08-24,41475.65
2015-08-25,41821.48
2015-08-26,42087.4
2015-08-27,42723.75
2015-08-28,43440.69
2015-08-31,44106.3
2015-09-01,43978.04
2015-09-02,43633.47
2015-09-03,43950.04
2015-09-04,45108.66
2015-09-07,45144.22
2015-09-08,45173.41
2015-09-09,44633.27
2015-09-10,44561.8
2015-09-11,44295.55
2015-09-14,44877.52
2015-09-15,44722.37
2015-09-16,43791.57
2015-09-17,43981.02
2015-09-18,43860.13
2015-09-21,43571.2
2015-09-22,43810.48
2015-09-23,44000.45
2015-09-24,44478.27
2015-09-25,44983.63
2015-09-28,44875.89
2015-09-29,44553.4
2015-09-30,44093.61
2015-10-01,44627.62
2015-10-02,44621.76
2015-10-05,43418.51
2015-10-06,44377.95
2015-10-07,43812.47
2015-10-08,43517.36
2015-10-09,43633.63
2015-10-12,43429.43
2015-10-13,43145.89
2015-10-14,43750.18
2015-10-15,43949.16
2015-10-16,43864.89
2015-10-19,43768.19
2015-10-20,43911.85
2015-10-21,43845.61
2015-10-22,43961.1
2015-10-23,44915.88
2015-10-26,44254.78
2015-10-27,44419.69
2015-10-28,44625.53
2015-10-29,44807.42
2015-10-30,44352.71
2015-11-02,44029.83
2015-11-03,44742.91
2015-11-04,44938.24
2015-11-05,45273.3
2015-11-06,46163.58
2015-11-09,45413.15
2015-11-10,45057.18
2015-11-11,45299.8
2015-11-12,46298.63
2015-11-13,46330.35
2015-11-16,46493.82
2015-11-17,46977.2
2015-11-18,47872.78
2015-11-19,48732.25
2015-11-20,48807.73
2015-11-23,48787.98
2015-11-24,48287.07
2015-11-25,48242.98
2015-11-26,48400.92
2015-11-27,49350.32
2015-11-30,49403.29
2015-12-01,49399.53
2015-12-02,48341.77
2015-12-03,48511.21
2015-12-04,48066.85
2015-12-07,47154.03
2015-12-08,46899.82
2015-12-09,47248.26
2015-12-10,46957.59
2015-12-11,46762.94
2015-12-14,46229.46
2015-12-15,46280.2
2015-12-16,45837.39
2015-12-17,45663.44
2015-12-18,45525.11
2015-12-21,45694.88
2015-12-22,45171.09
2015-12-23,44538.65
2015-12-24,44954.41
2015-12-25,44373.92
2015-12-28,44603.53
2015-12-29,44648.36
2015-12-30,45151.69
2015-12-31,45068.22
2016-01-01,45524.14
2016-01-04,45023.86
2016-01-05,45264.15
2016-01-06,45379.93
2016-01-07,46412.12
2016-01-08,46493.2
2016-01-11,47099.25
2016-01-12,47146.25
2016-01-13,47153.1
2016-01-14,47214.66
2016-01-15,46415.71
2016-01-18,47436.04
2016-01-19,47573.82
2016-01-20,46785.22
2016-01-21,47044.5
2016-01-22,46053.99
2016-01-25,46512.86
2016-01-26,46588.49
2016-01-27,45524.94
2016-01-28,45288.87
2016-01-29,45655.91
2016-02-01,45212.71
2016-02-02,46751.43
2016-02-03,47980.27
2016-02-04,48165.2
2016-02-05,48085.69
2016-02-08,48889.68
2016-02-09,49308.69
2016-02-10,49391.05
2016-02-11,48838.68
2016-02-12,48318.4
2016-02-15,47951.87
2016-02-16,48315.57
2016-02-17,48471.45
2016-02-18,49309.74
2016-02-19,50356.49
2016-02-22,51152.2
2016-02-23,51233.34
2016-02-24,50572.05
2016-02-25,49245.38
2016-02-26,49816.97
2016-02-29,49898.66
2016-03-01,50412.47
2016-03-02,51027.14
2016-03-03,51508.01
2016-03-04,51349.55
2016-03-07,51093.71
2016-03-08,51416.63
2016-03-09,50714.92
2016-03-10,51513.71
2016-03-11,51229.12
2016-03-14,51547.87
2016-03-15,51463.37
2016-03-16,52575.1
2016-03-17,53772.86
2016-03-18,54279.54
2016-03-21,54812.28
2016-03-22,54743.72
2016-03-23,55808.07
2016-03-24,55804.27
2016-03-25,56603.75
2016-03-28,57288.2
2016-03-29,58176.55
2016-03-30,58079.17
2016-03-31,57550.91
2016-04-01,58356.55
2016-04-04,58203.72
2016-04-05,59435.64
2016-04-06,59358.83
2016-04-07,60431.19
2016-04-08,60103.72
2016-04-11,59784.61
2016-04-12,60050.83
2016-04-13,60412.89
2016-04-14,60763.44
2016-04-15,60873.12
2016-04-18,61166.59
2016-04-19,61282.78
2016-04-20,60319.93
2016-04-21,58149.0
2016-04-22,58747.11
2016-04-25,59847.2
2016-04-26,59094.81
2016-04-27,58878.95
2016-04-28,57885.56
2016-04-29,59885.53
2016-05-02,59979.49
2016-05-03,59979.29
2016-05-04,62212.69
2016-05-05,61659.85
2016-05-06,61953.45
2016-05-09,61673.8
2016-05-10,61827.89
2016-05-11,62219.67
2016-05-12,62860.81
2016-05-13,63215.04
2016-05-16,62580.97
2016-05-17,62470.98
2016-05-18,62681.51
2016-05-19,62888.9
2016-05-20,63099.63
2016-05-23,63481.05
2016-05-24,61920.99
2016-05-25,61708.7
2016-05-26,61909.21
2016-05-27,61091.06
2016-05-30,60813.54
2016-05-31,61734.37
2016-06-01,60833.34
2016-06-02,59723.64
2016-06-03,59219.33
2016-06-06,59487.43
2016-06-07,59356.42
2016-06-08,60003.56
2016-06-09,59474.07
2016-06-10,59723.57
2016-06-13,58353.89
2016-06-14,57694.21
2016-06-15,58033.92
2016-06-16,58970.76
2016-06-17,58384.74
2016-06-20,58695.53
2016-06-21,57862.32
2016-06-22,57964.45
2016-06-23,58221.58
2016-06-24,58293.85
2016-06-27,59041.51
2016-06-28,58872.73
2016-06-29,57951.32
2016-06-30,57986.65
2016-07-01,57946.43
2016-07-04,58293.19
2016-07-05,58376.13
2016-07-06,58144.24
2016-07-07,59939.59
2016-07-08,60936.17
2016-07-11,60107.93
2016-07-12,59680.21
2016-07-13,59663.84
2016-07-14,59758.3
2016-07-15,59589.61
2016-07-18,61045.14
2016-07-19,60877.42
2016-07-20,60694.0
2016-07-21,59673.3
2016-07-22,60083.49
2016-07-25,61183.38
2016-07-26,60752.64
2016-07-27,61288.61
2016-07-28,59325.55
2016-07-29,59921.91
2016-08-01,60372.54
2016-08-02,58862.15
2016-08-03,60301.43
2016-08-04,59625.44
2016-08-05,60470.25
2016-08-08,60559.06
2016-08-09,60899.08
2016-08-10,59449.67
2016-08-11,59508.13
2016-08-12,59042.8
2016-08-15,57634.31
2016-08-16,57497.35
2016-08-17,56079.57
2016-08-18,56859.79
2016-08-19,56781.85
2016-08-22,55450.72
2016-08-23,55294.9
2016-08-24,56735.91
2016-08-25,56946.13
2016-08-26,56724.39
2016-08-29,57370.34
2016-08-30,58319.29
2016-08-31,58221.95
2016-09-01,58932.86
2016-09-02,58325.58
2016-09-05,58884.63
2016-09-06,59197.99
2016-09-07,60194.59
2016-09-08,59429.12
2016-09-09,58936.19
2016-09-12,58965.89
2016-09-13,58189.26
2016-09-14,58845.22
2016-09-15,58584.58
2016-09-16,58023.43
2016-09-19,58117.87
2016-09-20,57130.88
2016-09-21,56007.9
2016-09-22,55472.33
2016-09-23,55748.54
2016-09-26,55955.7
2016-09-27,55005.27
2016-09-28,56510.75
2016-09-29,56728.96
2016-09-30,56758.98
2016-10-03,56487.8
2016-10-04,56533.14
2016-10-05,55270.71
2016-10-06,54806.81
2016-10-07,55072.08
2016-10-10,54865.08
2016-10-11,54713.99
2016-10-12,54198.54
2016-10-13,54520.8
2016-10-14,54689.55
2016-10-17,54614.16
2016-10-18,55621.12
2016-10-19,57186.72
2016-10-20,57637.19
2016-10-21,56788.33
2016-10-24,56063.31
2016-10-25,57366.87
2016-10-26,57223.54
2016-10-27,56778.94
2016-10-28,57844.0
2016-10-31,57496.72
2016-11-01,57194.46
2016-11-02,56322.91
2016-11-03,57016.21
2016-11-04,56072.96
2016-11-07,55569.82
2016-11-08,55399.55
2016-11-09,56008.21
2016-11-10,55450.19
2016-11-11,55640.98
2016-11-14,56101.64
2016-11-15,56856.46
2016-11-16,57987.2
2016-11-17,57384.55
2016-11-18,57239.81
2016-11-21,57201.11
2016-11-22,58867.77
2016-11-23,59671.02
2016-11-24,60239.6
2016-11-25,59940.8
2016-11-28,59708.08
2016-11-29,59615.18
2016-11-30,59266.64
2016-12-01,59041.86
2016-12-02,59553.09
2016-12-05,58323.79
2016-12-06,59336.27
2016-12-07,59650.4
2016-12-08,60544.06
2016-12-09,59844.18
2016-12-12,58961.08
2016-12-13,57892.51
2016-12-14,58368.77
2016-12-15,58186.18
2016-12-16,58227.45
2016-12-19,58117.25
2016-12-20,59794.07
2016-12-21,60280.75
2016-12-22,60742.44
2016-12-23,60895.46
2016-12-26,60757.19
2016-12-27,62064.91
2016-12-28,62254.86
2016-12-29,62689.87
2016-12-30,61194.66
2017-01-02,61159.8
2017-01-03,62065.09
2017-01-04,61701.39
2017-01-05,62595.07
2017-01-06,62579.75
2017-01-09,62106.21
2017-01-10,62940.88
2017-01-11,64262.12
2017-01-12,63910.14
2017-01-13,63311.24
2017-01-16,62505.79
2017-01-17,62072.99
2017-01-18,62699.4
2017-01-19,63851.96
2017-01-20,64457.15
2017-01-23,64079.37
2017-01-24,62680.64
2017-01-25,62484.43
2017-01-26,62709.82
2017-01-27,62488.28
2017-01-30,62812.41
2017-01-31,63389.27
2017-02-01,64204.96
2017-02-02,63735.31
2017-02-03,64832.44
2017-02-06,65283.32
2017-02-07,66135.21
2017-02-08,65314.78
2017-02-09,65893.96
2017-02-10,65498.61
2017-02-13,65834.74
2017-02-14,66421.52
2017-02-15,66084.61
2017-02-16,65932.61
2017-02-17,65106.96
2017-02-20,64624.85
2017-02-21,64287.46
2017-02-22,64884.19
2017-02-23,65248.81
2017-02-24,65207.29
2017-02-27,66002.19
2017-02-28,67706.7
2017-03-01,68442.43
2017-03-02,68953.16
2017-03-03,68675.56
2017-03-06,66846.68
2017-03-07,67469.24
2017-03-08,66474.13
2017-03-09,66044.39
2017-03-10,66411.53
2017-03-13,66722.4
2017-03-14,67464.74
2017-03-15,67437.51
2017-03-16,67373.07
2017-03-17,67148.38
2017-03-20,67677.61
2017-03-21,67769.64
2017-03-22,66167.97
2017-03-23,67730.71
2017-03-24,67565.17
2017-03-27,67991.73
2017-03-28,67538.08
2017-03-29,68439.53
2017-03-30,68078.06
2017-03-31,69157.71
2017-04-03,69849.55
2017-04-04,69786.23
2017-04-05,69591.69
2017-04-06,69203.54
2017-04-07,68922.38
2017-04-10,69346.21
2017-04-11,70301.13
2017-04-12,71404.39
2017-04-13,71629.14
2017-04-14,70706.07
2017-04-17,71265.97
2017-04-18,72252.93
2017-04-19,73692.99
2017-04-20,73431.29
2017-04-21,73811.97
2017-04-24,74763.18
2017-04-25,74823.73
2017-04-26,75360.22
2017-04-27,74470.76
2017-04-28,74857.91
2017-05-01,74654.2
2017-05-02,73597.31
2017-05-03,73338.78
2017-05-04,74297.03
2017-05-05,74480.1
2017-05-08,75591.42
2017-05-09,74432.47
2017-05-10,75330.9
2017-05-11,76909.61
2017-05-12,76158.55
2017-05-15,76178.86
2017-05-16,76636.36
2017-05-17,76725.89
2017-05-18,76629.45
2017-05-19,77551.6
2017-05-22,77365.18
2017-05-23,77671.29
2017-05-24,78721.56
2017-05-25,77466.5
2017-05-26,78181.72
2017-05-29,78491.5
2017-05-30,77941.34
2017-05-31,78858.49
2017-06-01,79523.98
2017-06-02,81410.21
2017-06-05,81425.2
2017-06-06,83085.88
2017-06-07,82783.25
2017-06-08,83924.32
2017-06-09,83731.18
2017-06-12,84078.95
2017-06-13,85486.88
2017-06-14,84530.7
2017-06-15,84234.0
2017-06-16,85349.38
2017-06-19,85970.67
2017-06-20,86323.43
2017-06-21,87879.28
2017-06-22,87783.54
2017-06-23,88142.78
2017-06-26,88407.75
2017-06-27,89959.45
2017-06-28,87711.37
2017-06-29,88554.32
2017-06-30,88632.53
2017-07-03,89972.59
2017-07-04,91338.81
2017-07-05,91210.33
2017-07-06,90630.74
2017-07-07,90356.76
2017-07-10,92187.97
2017-07-11,94041.82
2017-07-12,94481.97
2017-07-13,95948.99
2017-07-14,95867.36
2017-07-17,94449.99
2017-07-18,93732.23
2017-07-19,95239.94
2017-07-20,94185.36
2017-07-21,92672.11
2017-07-24,94018.8
2017-07-25,93094.41
2017-07-26,91224.86
2017-07-27,90036.25
2017-07-28,88918.93
2017-07-31,88373.67
2017-08-01,86687.71
2017-08-02,84450.03
2017-08-03,84446.26
2017-08-04,83790.22
2017-08-07,86233.95
2017-08-08,86794.47
2017-08-09,86123.51
2017-08-10,85085.09
2017-08-11,84826.03
2017-08-14,84695.83
2017-08-15,85616.36
2017-08-16,83584.61
2017-08-17,83359.06
2017-08-18,85568.04
2017-08-21,85855.18
2017-08-22,88521.79
2017-08-23,87888.07
2017-08-24,87229.8
2017-08-25,85634.09
2017-08-28,84997.91
2017-08-29,85354.19
2017-08-30,85270.16
2017-08-31,84434.23
2017-09-01,85640.73
2017-09-04,87045.95
2017-09-05,89649.56
2017-09-06,89628.47
2017-09-07,90691.25
2017-09-08,90149.53
2017-09-11,90179.52
2017-09-12,91181.18
2017-09-13,93710.36
2017-09-14,92350.43
2017-09-15,92172.13
2017-09-18,92916.44
2017-09-19,93160.18
2017-09-20,92508.18
2017-09-21,93802.57
2017-09-22,90489.49
2017-09-25,91007.47
2017-09-26,90179.76
2017-09-27,90944.61
2017-09-28,90468.3
2017-09-29,91583.81
2017-10-02,93056.21
2017-10-03,94196.68
2017-10-04,92550.95
2017-10-05,92465.94
2017-10-06,91988.17
2017-10-09,92712.01
2017-10-10,93644.64
2017-10-11,95369.2
2017-10-12,96681.8
2017-10-13,96038.63
2017-10-16,95367.08
2017-10-17,97283.55
2017-10-18,97473.65
2017-10-19,97233.33
2017-10-20,97333.97
2017-10-23,96746.31
2017-10-24,96094.73
2017-10-25,97614.01
2017-10-26,98139.67
2017-10-27,100187.27
2017-10-30,101093.08
2017-10-31,101391.82
2017-11-01,102242.83
2017-11-02,102153.97
2017-11-03,102822.8
2017-11-06,103026.54
2017-11-07,103270.95
2017-11-08,101133.86
2017-11-09,101500.13
2017-11-10,99533.45
2017-11-13,97896.06
2017-11-14,100516.21
2017-11-15,100181.64
2017-11-16,100330.83
2017-11-17,99835.0
2017-11-20,100729.09
2017-11-21,102657.96
2017-11-22,102211.7
2017-11-23,102788.2
2017-11-24,103840.5
2017-11-27,105055.38
2017-11-28,104795.09
2017-11-29,104111.17
2017-11-30,103855.01
2017-12-01,103884.42
2017-12-04,103584.57
2017-12-05,106007.37
2017-12-06,107045.31
2017-12-07,106854.16
2017-12-08,105533.73
2017-12-11,104601.09
2017-12-12,108166.49
2017-12-13,110582.21
2017-12-14,110107.47
2017-12-15,108104.45
2017-12-18,107334.47
2017-12-19,108584.46
2017-12-20,109641.89
2017-12-21,110622.97
2017-12-22,112136.14
2017-12-25,112233.9
2017-12-26,110895.52
2017-12-27,113992.68
2017-12-28,115989.64
2017-12-29,114480.94
2018-01-01,115844.28
2018-01-02,117253.14
2018-01-03,114845.65
2018-01-04,112298.19
2018-01-05,110729.92
2018-01-08,110930.15
2018-01-09,110937.75
2018-01-10,107973.48
2018-01-11,108146.23
2018-01-12,107201.38
2018-01-15,108817.17
2018-01-16,108632.32
2018-01-17,107310.38
2018-01-18,107721.18
2018-01-19,107069.11
2018-01-22,108877.1
2018-01-23,109213.12
2018-01-24,109574.69
2018-01-25,110381.35
2018-01-26,108039.66
2018-01-29,110235.07
2018-01-30,110842.62
2018-01-31,112009.2
2018-02-01,113411.09
2018-02-02,115417.7
2018-02-05,117075.75
2018-02-06,115502.27
2018-02-07,115565.65
2018-02-08,113755.61
2018-02-09,114794.76
2018-02-12,116598.13
2018-02-13,116769.44
2018-02-14,114902.1
2018-02-15,115078.36
2018-02-16,115137.54
2018-02-19,112102.29
2018-02-20,112693.33
2018-02-21,112779.87
2018-02-22,113894.87
2018-02-23,113212.75
2018-02-26,114103.05
2018-02-27,113725.51
2018-02-28,110782.88
2018-03-01,111528.37
2018-03-02,111395.34
2018-03-05,113388.09
2018-03-06,114788.07
2018-03-07,115694.79
2018-03-08,113419.86
2018-03-09,115103.88
2018-03-12,117000.44
2018-03-13,118611.49
2018-03-14,120354.79
2018-03-15,119804.42
2018-03-16,121249.04
2018-03-19,119695.81
2018-03-20,120113.68
2018-03-21,121075.98
2018-03-22,121109.18
2018-03-23,122201.05
2018-03-26,122606.06
2018-03-27,121672.89
2018-03-28,121732.85
2018-03-29,121463.0
2018-03-30,123158.7
2018-04-02,122311.58
2018-04-03,121142.04
2018-04-04,123341.87
2018-04-05,122870.41
2018-04-06,121012.75
2018-04-09,120577.51
2018-04-10,120176.4
2018-04-11,121849.13
2018-04-12,122115.46
2018-04-13,122655.32
2018-04-16,122156.22
2018-04-17,122577.34
2018-04-18,122024.77
2018-04-19,124747.26
2018-04-20,125364.59
2018-04-23,125681.32
2018-04-24,126148.74
2018-04-25,124518.68
2018-04-26,124330.18
2018-04-27,123273.58
2018-04-30,122171.92
2018-05-01,120604.9
2018-05-02,119407.3
2018-05-03,120518.94
2018-05-04,121980.12
2018-05-07,121516.69
2018-05-08,123205.13
2018-05-09,123380.58
2018-05-10,125113.47
2018-05-11,127008.98
2018-05-14,128983.51
2018-05-15,125917.85
2018-05-16,125453.62
2018-05-17,125933.53
2018-05-18,127130.06
2018-05-21,125751.89
2018-05-22,125265.56
2018-05-23,125454.11
2018-05-24,125480.61
2018-05-25,124637.23
2018-05-28,123664.53
2018-05-29,122260.2
2018-05-30,121798.68
2018-05-31,121837.3
2018-06-01,119248.55
2018-06-04,122044.75
2018-06-05,122148.02
2018-06-06,118887.45
2018-06-07,119221.99
2018-06-08,119183.56
2018-06-11,119296.08
2018-06-12,121352.41
2018-06-13,124948.35
2018-06-14,124290.07
2018-06-15,124177.0
2018-06-18,121795.38
2018-06-19,121064.6
2018-06-20,118333.66
2018-06-21,118816.14
2018-06-22,119295.38
2018-06-25,119688.77
2018-06-26,121606.86
2018-06-27,122614.9
2018-06-28,123306.96
2018-06-29,123485.99
2018-07-02,122219.89
2018-07-03,120563.93
2018-07-04,119431.12
2018-07-05,121697.31
2018-07-06,121598.36
2018-07-09,121676.17
2018-07-10,120735.83
2018-07-11,117414.07
2018-07-12,118692.4
2018-07-13,119040.57
2018-07-16,116706.67
2018-07-17,116112.37
2018-07-18,116812.16
2018-07-19,118030.64
2018-07-20,119220.34
2018-07-23,118993.62
2018-07-24,116510.74
2018-07-25,118388.41
2018-07-26,119815.96
2018-07-27,120128.42
2018-07-30,121338.25
2018-07-31,123494.44
2018-08-01,121416.55
2018-08-02,121094.82
2018-08-03,123760.05
2018-08-06,124766.67
2018-08-07,124932.49
2018-08-08,123646.06
2018-08-09,126565.21
2018-08-10,127781.52
2018-08-13,127307.64
2018-08-14,126255.29
2018-08-15,126816.62
2018-08-16,129370.37
2018-08-17,129765.4
2018-08-20,131558.73
2018-08-21,131142.83
2018-08-22,133658.87
2018-08-23,132476.89
2018-08-24,131667.61
2018-08-27,128145.25
2018-08-28,133911.6
2018-08-29,137168.09
2018-08-30,137351.72
2018-08-31,139077.33
2018-09-03,140648.84
2018-09-04,143128.97
2018-09-05,140739.78
2018-09-06,140252.71
2018-09-07,135542.5
2018-09-10,134747.56
2018-09-11,134016.67
2018-09-12,135055.04
2018-09-13,135197.53
2018-09-14,133669.04
2018-09-17,133531.38
2018-09-18,133192.92
2018-09-19,133289.45
2018-09-20,134942.79
2018-09-21,133822.83
2018-09-24,134717.61
2018-09-25,134876.9
2018-09-26,134041.13
2018-09-27,137333.75
2018-09-28,137417.24
2018-10-01,136212.98
2018-10-02,136999.79
2018-10-03,139560.87
2018-10-04,139398.03
2018-10-05,139556.69
2018-10-08,138833.52
2018-10-09,141803.1
2018-10-10,142060.23
2018-10-11,142525.01
2018-10-12,143672.58
2018-10-15,146529.21
2018-10-16,148247.46
2018-10-17,147873.64
2018-10-18,146927.23
2018-10-19,146779.98
2018-10-22,148494.06
2018-10-23,151644.48
2018-10-24,149694.23
2018-10-25,148537.63
2018-10-26,149490.55
2018-10-29,152964.07
2018-10-30,151860.28
2018-10-31,152444.79
2018-11-01,152607.82
2018-11-02,157399.19
2018-11-05,157786.71
2018-11-06,157103.79
2018-11-07,158302.68
2018-11-08,158580.32
2018-11-09,157866.7
2018-11-12,161154.06
2018-11-13,160049.39
2018-11-14,161011.03
2018-11-15,158524.91
2018-11-16,156388.09
2018-11-19,155808.47
2018-11-20,155333.44
2018-11-21,155121.13
2018-11-22,153474.0
2018-11-23,154591.44
2018-11-26,154270.09
2018-11-27,155527.43
2018-11-28,158710.63
2018-11-29,156667.66
2018-11-30,155310.04
2018-12-03,155656.99
2018-12-04,156570.82
2018-12-05,158969.04
2018-12-06,158300.76
2018-12-07,156458.42
2018-12-10,158006.88
2018-12-11,159527.94
2018-12-12,159577.24
2018-12-13,159385.88
2018-12-14,160448.54
2018-12-17,158606.49
2018-12-18,161255.44
2018-12-19,159619.29
2018-12-20,154781.51
2018-12-21,153715.03
2018-12-24,155623.36
2018-12-25,154105.32
2018-12-26,151555.35
2018-12-27,151389.66
2018-12-28,149709.74
2018-12-31,148534.55
2019-01-01,147932.23
2019-01-02,148432.17
2019-01-03,147659.28
2019-01-04,147147.46
2019-01-07,146878.0
2019-01-08,144919.39
2019-01-09,144446.23
2019-01-10,143830.78
2019-01-11,141596.45
2019-01-14,143628.91
2019-01-15,143954.87
2019-01-16,147586.5
2019-01-17,147073.52
2019-01-18,149558.72
2019-01-21,150239.13
2019-01-22,149095.34
2019-01-23,151065.65
2019-01-24,151404.9
2019-01-25,152845.1
2019-01-28,151490.62
2019-01-29,151795.08
2019-01-30,149163.12
2019-01-31,149635.42
2019-02-01,146110.04
2019-02-04,146797.01
2019-02-05,150876.51
2019-02-06,152915.65
2019-02-07,151629.48
2019-02-08,148811.71
2019-02-11,149916.67
2019-02-12,149763.82
2019-02-13,146569.43
2019-02-14,146659.14
2019-02-15,145778.58
2019-02-18,145703.81
2019-02-19,143545.24
2019-02-20,143706.12
2019-02-21,144458.38
2019-02-22,143794.77
2019-02-25,142093.9
2019-02-26,143222.06
2019-02-27,143584.55
2019-02-28,144945.82
2019-03-01,142996.1
2019-03-04,142347.33
2019-03-05,140086.47
2019-03-06,139844.56
2019-03-07,141844.85
2019-03-08,140886.69
2019-03-11,138667.51
2019-03-12,140261.63
2019-03-13,141976.59
2019-03-14,141666.22
2019-03-15,141591.26
2019-03-18,140885.21
2019-03-19,142488.68
2019-03-20,145115.41
2019-03-21,147153.0
2019-03-22,149680.8
2019-03-25,152546.16
2019-03-26,151527.91
2019-03-27,152919.98
2019-03-28,151193.49
2019-03-29,153777.28
2019-04-01,154844.11
2019-04-02,155869.86
2019-04-03,156292.13
2019-04-04,157873.09
2019-04-05,158449.07
2019-04-08,154831.87
2019-04-09,157338.06
2019-04-10,160432.26
2019-04-11,160089.45
2019-04-12,158417.35
2019-04-15,157594.79
2019-04-16,156916.69
2019-04-17,159278.58
2019-04-18,158840.12
2019-04-19,157370.71
2019-04-22,158055.53
2019-04-23,160776.2
2019-04-24,158249.18
2019-04-25,160318.7
2019-04-26,161570.9
2019-04-29,162528.63
2019-04-30,159764.71
2019-05-01,161990.45
2019-05-02,162198.86
2019-05-03,166198.11
2019-05-06,166369.27
2019-05-07,167977.64
2019-05-08,168728.8
2019-05-09,167571.57
2019-05-10,165143.1
2019-05-13,164775.35
2019-05-14,168067.86
2019-05-15,170685.18
2019-05-16,169828.3
2019-05-17,167487.31
2019-05-20,166767.77
2019-05-21,168435.79
2019-05-22,168747.02
2019-05-23,168640.55
2019-05-24,165175.73
2019-05-27,168015.52
2019-05-28,165799.84
2019-05-29,165781.3
2019-05-30,168008.77
2019-05-31,171981.53
2019-06-03,176464.59
2019-06-04,175071.5
2019-06-05,176141.03
2019-06-06,178077.28
2019-06-07,182568.82
2019-06-10,180818.32
2019-06-11,179680.73
2019-06-12,179889.64
2019-06-13,179370.38
2019-06-14,182166.9
2019-06-17,182192.27
2019-06-18,182537.84
2019-06-19,183299.01
2019-06-20,182520.84
2019-06-21,185112.35
2019-06-24,186752.75
2019-06-25,188244.3
2019-06-26,188599.11
2019-06-27,185045.81
2019-06-28,188549.44
2019-07-01,188218.98
2019-07-02,190155.14
2019-07-03,187846.91
2019-07-04,190688.81
2019-07-05,187823.35
2019-07-08,187206.18
2019-07-09,186816.27
2019-07-10,190128.64
2019-07-11,190857.87
2019-07-12,192209.96
2019-07-15,192254.5
2019-07-16,188678.81
2019-07-17,189167.59
2019-07-18,191778.3
2019-07-19,194408.58
2019-07-22,192245.03
2019-07-23,190124.39
2019-07-24,189033.25
2019-07-25,189594.77
2019-07-26,190595.13
2019-07-29,196047.35
2019-07-30,192830.91
2019-07-31,193606.55
2019-08-01,194845.26
2019-08-02,198425.37
2019-08-05,202308.88
2019-08-06,203938.67
2019-08-07,205700.74
2019-08-08,204915.28
2019-08-09,204836.84
2019-08-12,208077.52
2019-08-13,207532.41
2019-08-14,208120.36
2019-08-15,205336.57
2019-08-16,207045.28
2019-08-19,207638.38
2019-08-20,203712.72
2019-08-21,202820.16
2019-08-22,203282.88
2019-08-23,199931.12
2019-08-26,198830.02
2019-08-27,201762.44
2019-08-28,203449.0
2019-08-29,206552.14
2019-08-30,207440.21
2019-09-02,205188.09
2019-09-03,201820.39
2019-09-04,205677.73
2019-09-05,206692.79
2019-09-06,203492.42
2019-09-09,201138.27
2019-09-10,200922.77
2019-09-11,204462.65
2019-09-12,205981.43
2019-09-13,205360.0
2019-09-16,202586.6
2019-09-17,208017.8
2019-09-18,205377.63
2019-09-19,203453.18
2019-09-20,203580.84
2019-09-23,202991.12
2019-09-24,200350.06
2019-09-25,197490.7
2019-09-26,197880.3
2019-09-27,199324.1
2019-09-30,201235.88
2019-10-01,204581.87
2019-10-02,202661.42
2019-10-03,203548.94
2019-10-04,202001.07
2019-10-07,200557.05
2019-10-08,196205.46
2019-10-09,198752.08
2019-10-10,198738.3
2019-10-11,200861.58
2019-10-14,206735.92
2019-10-15,208555.95
2019-10-16,210309.76
2019-10-17,210683.13
2019-10-18,212424.47
2019-10-21,215900.96
2019-10-22,215889.59
2019-10-23,215700.14
2019-10-24,216422.44
2019-10-25,212718.02
2019-10-28,208673.38
2019-10-29,208717.97
2019-10-30,211473.16
2019-10-31,212687.08
2019-11-01,215975.45
2019-11-04,222091.72
2019-11-05,224851.7
2019-11-06,224287.55
2019-11-07,224363.93
2019-11-08,221658.9
2019-11-11,223764.86
2019-11-12,223147.77
2019-11-13,226503.47
2019-11-14,228616.53
2019-11-15,228815.14
2019-11-18,228217.74
2019-11-19,227090.06
2019-11-20,223347.95
2019-11-21,224826.98
2019-11-22,224398.14
2019-11-25,223990.12
2019-11-26,226550.82
2019-11-27,228583.93
2019-11-28,224602.0
2019-11-29,229336.98
2019-12-02,228371.0
2019-12-03,231269.49
2019-12-04,233523.33
2019-12-05,234276.46
2019-12-06,238213.71
2019-12-09,241083.97
2019-12-10,241055.87
2019-12-11,242818.04
2019-12-12,248333.66
2019-12-13,250691.1
2019-12-16,255489.3
2019-12-17,246117.59
2019-12-18,246856.74
2019-12-19,248407.32
2019-12-20,250947.83
2019-12-23,252638.88
2019-12-24,252120.5
2019-12-25,252245.02
2019-12-26,252598.69
2019-12-27,251134.97
2019-12-30,253363.45
2019-12-31,255161.57
2020-01-01,256843.1
2020-01-02,253324.13
2020-01-03,261365.75
2020-01-06,259081.44
2020-01-07,259192.86
2020-01-08,258476.87
2020-01-09,253416.1
2020-01-10,257114.24
2020-01-13,256632.07
2020-01-14,255377.99
2020-01-15,257727.69
2020-01-16,262840.03
2020-01-17,261857.41
2020-01-20,257633.03
2020-01-21,254237.19
2020-01-22,258501.87
2020-01-23,256656.88
2020-01-24,258298.2
2020-01-27,256841.19
2020-01-28,260982.32
2020-01-29,258760.89
2020-01-30,259227.78
2020-01-31,256051.34
2020-02-03,253968.25
2020-02-04,258393.01
2020-02-05,253812.29
2020-02-06,249153.68
2020-02-07,255513.23
2020-02-10,256306.02
2020-02-11,253772.47
2020-02-12,251444.92
2020-02-13,246889.79
2020-02-14,253261.29
2020-02-17,250382.28
2020-02-18,250496.76
2020-02-19,251122.89
2020-02-20,245828.57
2020-02-21,247976.69
2020-02-24,245523.78
2020-02-25,245830.75
2020-02-26,246934.49
2020-02-27,246745.0
2020-02-28,250539.07
2020-03-02,248857.14
2020-03-03,252436.93
2020-03-04,258428.91
2020-03-05,256843.12
2020-03-06,256229.22
2020-03-09,251915.8
2020-03-10,255478.97
2020-03-11,251001.62
2020-03-12,255373.58
2020-03-13,257019.03
2020-03-16,263105.65
2020-03-17,261157.55
2020-03-18,267410.43
2020-03-19,266603.79
2020-03-20,262386.55
2020-03-23,259665.13
2020-03-24,265336.24
2020-03-25,267361.15
2020-03-26,265100.93
2020-03-27,262112.77
2020-03-30,261558.46
2020-03-31,264491.39
2020-04-01,264545.83
2020-04-02,269830.1
2020-04-03,265360.07
2020-04-06,258786.81
2020-04-07,263910.88
2020-04-08,263380.3
2020-04-09,265051.34
2020-04-10,261651.8
2020-04-13,265424.25
2020-04-14,267049.46
2020-04-15,268297.21
2020-04-16,271497.74
2020-04-17,276302.24
2020-04-20,271728.46
2020-04-21,270691.12
2020-04-22,274977.13
2020-04-23,270081.89
2020-04-24,273875.53
2020-04-27,274760.24
2020-04-28,274538.2
2020-04-29,277342.4
2020-04-30,275952.0
2020-05-01,275117.12
2020-05-04,271575.88
2020-05-05,272306.56
2020-05-06,274378.83
2020-05-07,274758.49
2020-05-08,277271.86
2020-05-11,272352.89
2020-05-12,272635.79
2020-05-13,272683.21
2020-05-14,272080.68
2020-05-15,280203.92
2020-05-18,277784.08
2020-05-19,282298.31
2020-05-20,285865.76
2020-05-21,298089.33
2020-05-22,300880.62
2020-05-25,294805.33
2020-05-26,295254.29
2020-05-27,299802.17
2020-05-28,295221.34
2020-05-29,291604.5
2020-06-01,293610.19
2020-06-02,292484.8
2020-06-03,293528.8
2020-06-04,295147.21
2020-06-05,300149.32
2020-06-08,299304.22
2020-06-09,298386.35
2020-06-10,302851.9
2020-06-11,307374.94
2020-06-12,302489.73
2020-06-15,300326.61
2020-06-16,303281.88
2020-06-17,305841.68
2020-06-18,299551.37
2020-06-19,295690.99
2020-06-22,295265.89
2020-06-23,296597.9
2020-06-24,292511.52
2020-06-25,293978.29
2020-06-26,296663.96
2020-06-29,296690.85
2020-06-30,297071.72
2020-07-01,297362.71
2020-07-02,294092.5
2020-07-03,294215.57
2020-07-06,290221.65
2020-07-07,289357.19
2020-07-08,292077.27
2020-07-09,287658.36
2020-07-10,283183.91
2020-07-13,279207.44
2020-07-14,275757.65
2020-07-15,280550.15
2020-07-16,281863.71
2020-07-17,285641.74
2020-07-20,285847.02
2020-07-21,287417.93
2020-07-22,291218.75
2020-07-23,290689.91
2020-07-24,295363.33
2020-07-27,292680.27
2020-07-28,289628.32
2020-07-29,291016.61
2020-07-30,290209.42
2020-07-31,293923.03
2020-08-03,291315.75
2020-08-04,289204.62
2020-08-05,293199.81
2020-08-06,299970.15
2020-08-07,297323.81
2020-08-10,295669.95
2020-08-11,295388.0
2020-08-12,301868.46
2020-08-13,299460.87
2020-08-14,301971.18
2020-08-17,300090.12
2020-08-18,299358.49
2020-08-19,298578.96
2020-08-20,300986.7
2020-08-21,297587.11
2020-08-24,307100.26
2020-08-25,307411.28
2020-08-26,304747.37
2020-08-27,308095.85
2020-08-28,310862.8
2020-08-31,309174.1
2020-09-01,308565.33
2020-09-02,309669.03
2020-09-03,307614.27
2020-09-04,310319.58
2020-09-07,307635.11
2020-09-08,305919.04
2020-09-09,302275.29
2020-09-10,295539.84
2020-09-11,297939.05
2020-09-14,297460.67
2020-09-15,297014.07
2020-09-16,297591.7
2020-09-17,297145.07
2020-09-18,300558.26
2020-09-21,302136.51
2020-09-22,298437.47
2020-09-23,296321.6
2020-09-24,300332.49
2020-09-25,306575.96
2020-09-28,303679.27
2020-09-29,306407.07
2020-09-30,309654.84
2020-10-01,312651.89
2020-10-02,302674.04
2020-10-05,305824.1
2020-10-06,308615.95
2020-10-07,308151.22
2020-10-08,306333.3
2020-10-09,309941.98
2020-10-12,313581.39
2020-10-13,316752.6
2020-10-14,322307.98
2020-10-15,327915.91
2020-10-16,328948.24
2020-10-19,318430.81
2020-10-20,319918.02
2020-10-21,318802.81
2020-10-22,323847.35
2020-10-23,327683.86
2020-10-26,327953.36
2020-10-27,328897.62
2020-10-28,331865.75
2020-10-29,323423.4
2020-10-30,322188.18
2020-11-02,327734.37
2020-11-03,325558.79
2020-11-04,332055.21
2020-11-05,331778.65
2020-11-06,325892.58
2020-11-09,323887.33
2020-11-10,333951.22
2020-11-11,335498.71
2020-11-12,346641.87
2020-11-13,356325.64
2020-11-16,355831.35
2020-11-17,356298.72
2020-11-18,357208.03
2020-11-19,353212.52
2020-11-20,353006.65
2020-11-23,353661.38
2020-11-24,358613.47
2020-11-25,357603.52
2020-11-26,359084.64
2020-11-27,358971.26
2020-11-30,351658.92
2020-12-01,348544.9
2020-12-02,350278.8
2020-12-03,347189.71
2020-12-04,352605.64
2020-12-07,356977.06
2020-12-08,358898.47
2020-12-09,361018.66
2020-12-10,355435.19
2020-12-11,359712.66
2020-12-14,357877.16
2020-12-15,355379.48
2020-12-16,359892.54
2020-12-17,355747.8
2020-12-18,359830.13
2020-12-21,362527.39
2020-12-22,358941.14
2020-12-23,357954.21
2020-12-24,355798.94
2020-12-25,352996.97
2020-12-28,359634.15
2020-12-29,360658.09
2020-12-30,356939.46
2020-12-31,352048.59
2021-01-01,358407.36
2021-01-04,358043.41
2021-01-05,353003.21
2021-01-06,354827.12
2021-01-07,355829.36
2021-01-08,353720.41
2021-01-11,357736.84
2021-01-12,364920.3
2021-01-13,360788.09
2021-01-14,361808.47
2021-01-15,361437.8
2021-01-18,365040.3
2021-01-19,364018.67
2021-01-20,364327.39
2021-01-21,364369.67
2021-01-22,369956.22
2021-01-25,365771.3
2021-01-26,355139.4
2021-01-27,355981.76
2021-01-28,358387.67
2021-01-29,358858.19
2021-02-01,363007.62
2021-02-02,366047.33
2021-02-03,365084.23
2021-02-04,360030.73
2021-02-05,353806.06
2021-02-08,353732.64
2021-02-09,360200.51
2021-02-10,363357.77
2021-02-11,360135.81
2021-02-12,358282.54
2021-02-15,354413.07
2021-02-16,357566.0
2021-02-17,357032.38
2021-02-18,352524.02
2021-02-19,349166.91
2021-02-22,356122.62
2021-02-23,356419.29
2021-02-24,347940.76
2021-02-25,348058.52
2021-02-26,348565.1
2021-03-01,348705.3
2021-03-02,345710.49
2021-03-03,352501.9
2021-03-04,343328.26
2021-03-05,341200.52
2021-03-08,337319.03
2021-03-09,344803.39
2021-03-10,349363.11
2021-03-11,348891.97
2021-03-12,348725.38
2021-03-15,350304.52
2021-03-16,355885.91
2021-03-17,352917.26
2021-03-18,352656.8
2021-03-19,349092.05
2021-03-22,354727.5
2021-03-23,357908.36
2021-03-24,357573.0
2021-03-25,355016.1
2021-03-26,363925.1
2021-03-29,371060.28
2021-03-30,373413.63
2021-03-31,376690.99
2021-04-01,375394.82
2021-04-02,381835.02
2021-04-05,377722.88
2021-04-06,383226.83
2021-04-07,378877.16
2021-04-08,378795.18
2021-04-09,377262.07
2021-04-12,382127.66
2021-04-13,379169.6
2021-04-14,380487.9
2021-04-15,378708.76
2021-04-16,382557.97
2021-04-19,386601.58
2021-04-20,392924.9
2021-04-21,396350.69
2021-04-22,396239.44
2021-04-23,401848.7
2021-04-26,400577.72
2021-04-27,402588.68
2021-04-28,399835.62
2021-04-29,402131.32
2021-04-30,389757.39
2021-05-03,391907.8
2021-05-04,397045.32
2021-05-05,403770.55
2021-05-06,409703.71
2021-05-07,423446.38
2021-05-10,431544.86
2021-05-11,434468.45
2021-05-12,435922.71
2021-05-13,435262.26
2021-05-14,436669.5
2021-05-17,442562.39
2021-05-18,440058.25
2021-05-19,442000.82
2021-05-20,445111.54
2021-05-21,445347.84
2021-05-24,451142.74
2021-05-25,445571.83
2021-05-26,447502.86
2021-05-27,450432.3
2021-05-28,450622.39
2021-05-31,448703.96
2021-06-01,453057.47
2021-06-02,453489.35
2021-06-03,454057.75
2021-06-04,472668.43
2021-06-07,482207.41
2021-06-08,477350.85
2021-06-09,475381.98
2021-06-10,478683.16
2021-06-11,484955.07
2021-06-14,485635.29
2021-06-15,494684.02
2021-06-16,504508.75
2021-06-17,507650.75
2021-06-18,510398.89
2021-06-21,519832.29
2021-06-22,529595.89
2021-06-23,532363.02
2021-06-24,533897.09
2021-06-25,532605.0
2021-06-28,541800.88
2021-06-29,545812.88
2021-06-30,538260.49
2021-07-01,532038.03
2021-07-02,529834.04
2021-07-05,529613.48
2021-07-06,525050.64
2021-07-07,518262.31
2021-07-08,512402.48
2021-07-09,513987.35
2021-07-12,515705.38
2021-07-13,511296.52
2021-07-14,515155.75
2021-07-15,508847.47
2021-07-16,505844.81
2021-07-19,502265.74
2021-07-20,514368.56
2021-07-21,511166.08
2021-07-22,498504.6
2021-07-23,505965.01
2021-07-26,495913.94
2021-07-27,494617.79
2021-07-28,495906.68
2021-07-29,495713.85
2021-07-30,491330.81
2021-08-02,496170.14
2021-08-03,495193.06
2021-08-04,498323.52
2021-08-05,492334.98
2021-08-06,494689.08
2021-08-09,496358.39
2021-08-10,492211.35
2021-08-11,493066.48
2021-08-12,497157.11
2021-08-13,500645.64
2021-08-16,498247.66
2021-08-17,499425.88
2021-08-18,506986.03
2021-08-19,513693.11
2021-08-20,512099.24
2021-08-23,529330.81
2021-08-24,524915.54
2021-08-25,522886.87
2021-08-26,523130.86
2021-08-27,524825.27
2021-08-30,524777.18
2021-08-31,528000.75
2021-09-01,529563.44
2021-09-02,533695.44
2021-09-03,531520.83
2021-09-06,534337.35
2021-09-07,548995.62
2021-09-08,557309.7
2021-09-09,568351.88
2021-09-10,562825.7
2021-09-13,559991.01
2021-09-14,565706.96
2021-09-15,563770.67
2021-09-16,572723.27
2021-09-17,567395.26
2021-09-20,556063.72
2021-09-21,554850.19
2021-09-22,559574.61
2021-09-23,554793.38
2021-09-24,547774.82
2021-09-27,548596.46
2021-09-28,546534.59
2021-09-29,547817.41
2021-09-30,538063.8
2021-10-01,537017.61
2021-10-04,529746.48
2021-10-05,525063.13
2021-10-06,531344.38
2021-10-07,531803.6
2021-10-08,522692.08
2021-10-11,528959.16
2021-10-12,526042.94
2021-10-13,519550.3
2021-10-14,513819.4
2021-10-15,501227.35
2021-10-18,500905.47
2021-10-19,498333.5
2021-10-20,505353.8
2021-10-21,500944.71
2021-10-22,505255.4
2021-10-25,517405.05
2021-10-26,514541.27
2021-10-27,512220.33
2021-10-28,502824.53
2021-10-29,498287.39
2021-11-01,491782.88
2021-11-02,487027.13
2021-11-03,496205.88
2021-11-04,507787.71
2021-11-05,512617.18
2021-11-08,511493.55
2021-11-09,508784.53
2021-11-10,518725.49
2021-11-11,516176.76
2021-11-12,531613.8
2021-11-15,530551.31
2021-11-16,534470.26
2021-11-17,536100.84
2021-11-18,533855.52
2021-11-19,535954.38
2021-11-22,532119.29
2021-11-23,533065.71
2021-11-24,537970.88
2021-11-25,535335.32
2021-11-26,537332.48
2021-11-29,542404.95
2021-11-30,540786.01
2021-12-01,538522.03
2021-12-02,550360.23
2021-12-03,542490.27
2021-12-06,542287.48
2021-12-07,543411.85
2021-12-08,536136.19
2021-12-09,531096.73
2021-12-10,530174.74
2021-12-13,530783.03
2021-12-14,521930.2
2021-12-15,515096.13
2021-12-16,518047.98
2021-12-17,524723.76
2021-12-20,522507.75
2021-12-21,531899.1
2021-12-22,533264.41
2021-12-23,540835.31
2021-12-24,542077.81
2021-12-27,530354.1
2021-12-28,547732.6
2021-12-29,551739.59
2021-12-30,542977.65
2021-12-31,545388.17
2022-01-03,551120.35
2022-01-04,563618.7
2022-01-05,576434.33
2022-01-06,574757.67
2022-01-07,574624.9
2022-01-10,582491.11
2022-01-11,590575.04
2022-01-12,595188.88
2022-01-13,612691.81
2022-01-14,600349.02
2022-01-17,604938.0
2022-01-18,615933.94
2022-01-19,615861.56
2022-01-20,615180.38
2022-01-21,615578.7
2022-01-24,628392.48
2022-01-25,626821.05
2022-01-26,637657.59
2022-01-27,633713.27
2022-01-28,624755.49
2022-01-31,621099.97
2022-02-01,627832.12
2022-02-02,637691.26
2022-02-03,641532.57
2022-02-04,645468.47
2022-02-07,645966.53
2022-02-08,636959.07
2022-02-09,631773.69
2022-02-10,633626.85
2022-02-11,645091.11
2022-02-14,633492.34
2022-02-15,637323.15
2022-02-16,625322.28
2022-02-17,617805.85
2022-02-18,622656.07
2022-02-21,620477.96
2022-02-22,622771.47
2022-02-23,624022.09
2022-02-24,597578.0
2022-02-25,599588.01
2022-02-28,602755.96
2022-03-01,590607.05
2022-03-02,596318.83
2022-03-03,583312.43
2022-03-04,588966.92
2022-03-07,591802.95
2022-03-08,593511.68
2022-03-09,601847.97
2022-03-10,605412.66
2022-03-11,609915.43
2022-03-14,597459.88
2022-03-15,593732.8
2022-03-16,592153.55
2022-03-17,595004.38
2022-03-18,579462.32
2022-03-21,573651.26
2022-03-22,576337.7
2022-03-23,571744.38
2022-03-24,565654.1
2022-03-25,552942.81
2022-03-28,553080.04
2022-03-29,563139.55
2022-03-30,566345.26
2022-03-31,567372.92
2022-04-01,574215.77
2022-04-04,572246.32
2022-04-05,578146.32
2022-04-06,573995.26
2022-04-07,581800.87
2022-04-08,588170.65
2022-04-11,571824.32
2022-04-12,563063.5
2022-04-13,564307.94
2022-04-14,569772.68
2022-04-15,565429.45
2022-04-18,556652.74
2022-04-19,564210.37
2022-04-20,554738.06
2022-04-21,553349.17
2022-04-22,554726.33
2022-04-25,537460.36
2022-04-26,527478.84
2022-04-27,545979.31
2022-04-28,549160.15
2022-04-29,550981.75
2022-05-02,563374.05
2022-05-03,576620.3
2022-05-04,575789.54
2022-05-05,569222.16
2022-05-06,572981.72
2022-05-09,564860.63
2022-05-10,564236.08
2022-05-11,556666.82
2022-05-12,557336.23
2022-05-13,571058.39
2022-05-16,561662.21
2022-05-17,572876.7
2022-05-18,576121.94
2022-05-19,580601.25
2022-05-20,582469.72
2022-05-23,583691.75
2022-05-24,599358.19
2022-05-25,589657.2
2022-05-26,582366.29
2022-05-27,589476.53
2022-05-30,599741.81
2022-05-31,616116.93
2022-06-01,628611.58
2022-06-02,635988.44
2022-06-03,646076.56
2022-06-06,653012.33
2022-06-07,667510.96
2022-06-08,669583.79
2022-06-09,680888.27
2022-06-10,688577.72
2022-06-13,694126.29
2022-06-14,688955.23
2022-06-15,698577.26
2022-06-16,705127.26
2022-06-17,691565.01
2022-06-20,692490.67
2022-06-21,692046.36
2022-06-22,688763.0
2022-06-23,697909.25
2022-06-24,693545.2
2022-06-27,691985.82
2022-06-28,691386.14
2022-06-29,686141.04
2022-06-30,698608.61
2022-07-01,698000.95
2022-07-04,701922.12
2022-07-05,717410.35
2022-07-06,722183.71
2022-07-07,721541.36
2022-07-08,723840.94
2022-07-11,729927.7
2022-07-12,739897.97
2022-07-13,746150.82
2022-07-14,738707.15
2022-07-15,737416.55
2022-07-18,734743.27
2022-07-19,750212.13
2022-07-20,749061.7
2022-07-21,738170.98
2022-07-22,738055.28
2022-07-25,743296.13
2022-07-26,735425.76
2022-07-27,725001.75
2022-07-28,740920.07
2022-07-29,751377.36
2022-08-01,748915.7
2022-08-02,737495.84
2022-08-03,739269.71
2022-08-04,750715.2
2022-08-05,757676.63
2022-08-08,751672.36
2022-08-09,764440.42
2022-08-10,756990.49
2022-08-11,764927.7
2022-08-12,772203.29
2022-08-15,769653.76
2022-08-16,760497.27
2022-08-17,778951.71
2022-08-18,785551.02
2022-08-19,782701.03
2022-08-22,795317.79
2022-08-23,795846.19
2022-08-24,775706.4
2022-08-25,770370.28
2022-08-26,766340.0
2022-08-29,775852.66
2022-08-30,773658.07
2022-08-31,770363.62
2022-09-01,784041.63
2022-09-02,781380.0
2022-09-05,786414.34
2022-09-06,790157.35
2022-09-07,794980.28
2022-09-08,797431.71
2022-09-09,795843.8
2022-09-12,810335.68
2022-09-13,802631.83
2022-09-14,823365.96
2022-09-15,842654.05
2022-09-16,835743.74
2022-09-19,839522.06
2022-09-20,842230.1
2022-09-21,850187.66
2022-09-22,851355.64
2022-09-23,844653.25
2022-09-26,847207.55
2022-09-27,857810.71
2022-09-28,857763.6
2022-09-29,873365.85
2022-09-30,874719.08
2022-10-03,896614.93
2022-10-04,914268.87
2022-10-05,901118.0
2022-10-06,909866.34
2022-10-07,904175.29
2022-10-10,889765.38
2022-10-11,900442.25
2022-10-12,914361.31
2022-10-13,932412.27
2022-10-14,944428.0
2022-10-17,939407.06
2022-10-18,935187.26
2022-10-19,941930.19
2022-10-20,943398.18
2022-10-21,956911.74
2022-10-24,973921.12
2022-10-25,978496.71
2022-10-26,990207.79
2022-10-27,999735.89
2022-10-28,1010807.73
2022-10-31,1015845.46
2022-11-01,1000200.44
2022-11-02,1007356.99
2022-11-03,986264.99
2022-11-04,966207.74
2022-11-07,967529.46
2022-11-08,968829.09
2022-11-09,977707.33
2022-11-10,1007083.87
2022-11-11,1031062.84
2022-11-14,1047362.06
2022-11-15,1030703.74
2022-11-16,1020083.82
2022-11-17,1011197.17
2022-11-18,1021847.3
2022-11-21,1031712.35
2022-11-22,1054811.86
2022-11-23,1051489.16
2022-11-24,1062614.11
2022-11-25,1064790.9
2022-11-28,1069536.53
2022-11-29,1066696.84
2022-11-30,1054238.05
2022-12-01,1044863.44
2022-12-02,1049617.23
2022-12-05,1060520.0
2022-12-06,1054708.62
2022-12-07,1042100.95
2022-12-08,1032857.58
2022-12-09,1023010.21
2022-12-12,1017648.39
2022-12-13,1047008.85
2022-12-14,1065145.15
2022-12-15,1051348.21
2022-12-16,1064678.2
2022-12-19,1054838.85
2022-12-20,1052850.75
2022-12-21,1057042.77
2022-12-22,1050382.37
2022-12-23,1060359.37
2022-12-26,1086822.5
2022-12-27,1092020.77
2022-12-28,1106952.96
2022-12-29,1115240.13
2022-12-30,1126476.24
2023-01-02,1133035.82
2023-01-03,1116994.79
2023-01-04,1129273.62
2023-01-05,1143306.47
2023-01-06,1159370.71
2023-01-09,1182137.35
2023-01-10,1208365.46
2023-01-11,1235518.35
2023-01-12,1221019.65
2023-01-13,1236234.91
2023-01-16,1232835.94
2023-01-17,1225251.28
2023-01-18,1204188.38
2023-01-19,1214058.8
2023-01-20,1232403.6
2023-01-23,1238922.42
2023-01-24,1234543.63
2023-01-25,1217138.9
2023-01-26,1197039.68
2023-01-27,1203923.0
2023-01-30,1205003.13
2023-01-31,1200090.97
2023-02-01,1202330.86
2023-02-02,1170863.73
2023-02-03,1176975.19
2023-02-06,1171956.26
2023-02-07,1160340.54
2023-02-08,1153948.34
2023-02-09,1161654.54
2023-02-10,1169988.31
2023-02-13,1185798.77
2023-02-14,1179864.11
2023-02-15,1189229.52
2023-02-16,1211423.16
2023-02-17,1213054.25
2023-02-20,1188349.98
2023-02-21,1164987.82
2023-02-22,1158335.98
2023-02-23,1168073.59
2023-02-24,1151726.02
2023-02-27,1157344.2
2023-02-28,1146173.47
2023-03-01,1158690.62
2023-03-02,1172550.73
2023-03-03,1167025.12
2023-03-06,1163758.66
2023-03-07,1168819.33
2023-03-08,1168823.34
2023-03-09,1187551.5
2023-03-10,1196907.28
2023-03-13,1208280.79
2023-03-14,1204591.8
2023-03-15,1196498.13
2023-03-16,1189357.16
2023-03-17,1195836.01
2023-03-20,1196090.92
2023-03-21,1197428.01
2023-03-22,1199989.35
2023-03-23,1199839.68
2023-03-24,1198637.65
2023-03-27,1201685.82
2023-03-28,1217795.81
2023-03-29,1206067.68
2023-03-30,1205606.94
2023-03-31,1199348.62
2023-04-03,1186862.83
2023-04-04,1191999.27
2023-04-05,1186104.46
2023-04-06,1209122.35
2023-04-07,1210759.27
2023-04-10,1210898.33
2023-04-11,1221646.4
2023-04-12,1221090.63
2023-04-13,1214750.54
2023-04-14,1223618.9
2023-04-17,1216350.75
2023-04-18,1229817.03
2023-04-19,1222432.86
2023-04-20,1236563.35
2023-04-21,1246674.14
2023-04-24,1248614.69
2023-04-25,1260372.43
2023-04-26,1248402.99
2023-04-27,1243584.15
2023-04-28,1269982.74
2023-05-01,1270324.04
2023-05-02,1286847.38
2023-05-03,1278091.95
2023-05-04,1264457.38
2023-05-05,1254222.74
2023-05-08,1286377.95
2023-05-09,1290876.84
2023-05-10,1293855.67
2023-05-11,1286163.46
2023-05-12,1297078.14
2023-05-15,1290168.08
2023-05-16,1285726.35
2023-05-17,1292988.27
2023-05-18,1297133.23
2023-05-19,1297646.9
2023-05-22,1301925.16
2023-05-23,1299548.03
2023-05-24,1301158.63
2023-05-25,1312184.66
2023-05-26,1322773.04
2023-05-29,1337430.81
2023-05-30,1329176.89
2023-05-31,1349385.3
2023-06-01,1362307.59
2023-06-02,1381211.46
2023-06-05,1375059.13
2023-06-06,1358128.63
2023-06-07,1341169.98
2023-06-08,1326870.86
2023-06-09,1343838.58
2023-06-12,1337555.05
2023-06-13,1351279.62
2023-06-14,1369891.12
2023-06-15,1400596.01
2023-06-16,1407802.8
2023-06-19,1391774.74
2023-06-20,1377281.8
2023-06-21,1404934.82
2023-06-22,1401762.4
2023-06-23,1411072.06
2023-06-26,1412206.23
2023-06-27,1403476.38
2023-06-28,1413655.49
2023-06-29,1423589.99
2023-06-30,1433332.06
2023-07-03,1444708.89
2023-07-04,1425908.3
2023-07-05,1454399.47
2023-07-06,1448895.14
2023-07-07,1458002.87
2023-07-10,1453822.81
2023-07-11,1463404.66
2023-07-12,1441009.37
2023-07-13,1447208.56
2023-07-14,1439807.18
2023-07-17,1475366.53
2023-07-18,1494387.01
2023-07-19,1512501.7
2023-07-20,1502603.53
2023-07-21,1521054.34
2023-07-24,1518915.03
2023-07-25,1499536.34
2023-07-26,1489493.77
2023-07-27,1511340.06
2023-07-28,1495657.24
2023-07-31,1470462.18
2023-08-01,1457891.82
2023-08-02,1453063.38
2023-08-03,1451176.12
2023-08-04,1419575.0
2023-08-07,1423041.96
2023-08-08,1411979.31
2023-08-09,1381218.92
2023-08-10,1408842.73
2023-08-11,1440353.67
2023-08-14,1440476.39
2023-08-15,1446750.73
2023-08-16,1432982.42
2023-08-17,1438165.49
2023-08-18,1428679.19
2023-08-21,1442417.76
2023-08-22,1450847.1
2023-08-23,1461227.1
2023-08-24,1433600.95
2023-08-25,1436099.22
2023-08-28,1433358.31
2023-08-29,1455087.58
2023-08-30,1424101.14
2023-08-31,1413154.25
2023-09-01,1424758.29
2023-09-04,1423294.06
2023-09-05,1442404.59
2023-09-06,1455337.05
2023-09-07,1447631.85
2023-09-08,1463952.75
2023-09-11,1479353.27
2023-09-12,1470484.84
2023-09-13,1456196.32
2023-09-14,1448792.63
2023-09-15,1440333.82
2023-09-18,1458965.97
2023-09-19,1491847.74
2023-09-20,1515590.51
2023-09-21,1504358.3
2023-09-22,1505811.32
2023-09-25,1494818.64
2023-09-26,1504386.52
2023-09-27,1514942.78
2023-09-28,1527260.01
2023-09-29,1533488.29
2023-10-02,1517768.64
2023-10-03,1484801.5
2023-10-04,1513747.51
2023-10-05,1509532.27
2023-10-06,1501504.13
2023-10-09,1522413.87
2023-10-10,1494547.2
2023-10-11,1528878.3
2023-10-12,1541129.76
2023-10-13,1560866.75
2023-10-16,1551020.98
2023-10-17,1543028.78
2023-10-18,1528597.95
2023-10-19,1516634.18
2023-10-20,1502831.41
2023-10-23,1496483.5
2023-10-24,1493795.66
2023-10-25,1523715.92
2023-10-26,1523201.34
2023-10-27,1546991.69
2023-10-30,1554652.38
2023-10-31,1536988.17
2023-11-01,1562104.48
2023-11-02,1561739.27
2023-11-03,1545327.69
2023-11-06,1549070.05
2023-11-07,1526253.85
2023-11-08,1510059.11
2023-11-09,1538380.47
2023-11-10,1522642.01
2023-11-13,1557876.91
2023-11-14,1516951.49
2023-11-15,1537067.03
2023-11-16,1536371.79
2023-11-17,1532061.31
2023-11-20,1542514.67
2023-11-21,1543779.63
2023-11-22,1560166.57
2023-11-23,1575638.14
2023-11-24,1579257.08
2023-11-27,1582133.43
2023-11-28,1580293.95
2023-11-29,1577737.48
2023-11-30,1563978.4
2023-12-01,1538070.42
2023-12-04,1552471.71
2023-12-05,1550744.68
2023-12-06,1519178.79
2023-12-07,1537512.1
2023-12-08,1516819.34
2023-12-11,1510817.16
2023-12-12,1503247.16
2023-12-13,1513566.9
2023-12-14,1518336.52
2023-12-15,1524335.76
2023-12-18,1525590.36
2023-12-19,1496680.81
2023-12-20,1512533.25
2023-12-21,1514308.63
2023-12-22,1525301.66
2023-12-25,1519436.63
2023-12-26,1520637.46
2023-12-27,1505906.49
2023-12-28,1474559.68
2023-12-29,1460028.48
2024-01-01,1477786.34
2024-01-02,1512857.53
2024-01-03,1511815.88
2024-01-04,1525387.3
2024-01-05,1532405.68
2024-01-08,1518042.0
2024-01-09,1515042.39
2024-01-10,1524729.52
2024-01-11,1533384.02
2024-01-12,1536979.72
2024-01-15,1523689.2
2024-01-16,1548447.18
2024-01-17,1549607.55
2024-01-18,1546873.44
2024-01-19,1545664.13
2024-01-22,1575527.23
2024-01-23,1586772.56
2024-01-24,1591225.06
2024-01-25,1589158.02
2024-01-26,1583566.74
2024-01-29,1590258.46
2024-01-30,1618044.37
2024-01-31,1618235.67
2024-02-01,1619060.06
2024-02-02,1611130.72
2024-02-05,1643333.06
2024-02-06,1621615.69
2024-02-07,1594239.46
2024-02-08,1610664.75
2024-02-09,1630810.56
2024-02-12,1628690.08
2024-02-13,1647935.97
2024-02-14,1673631.75
2024-02-15,1712900.11
2024-02-16,1694260.47
2024-02-19,1689881.75
2024-02-20,1690612.74
2024-02-21,1676180.64
2024-02-22,1731916.02
2024-02-23,1728134.6
2024-02-26,1747186.73
2024-02-27,1754379.03
2024-02-28,1741802.79
2024-02-29,1738056.67
2024-03-01,1745422.93
2024-03-04,1739537.05
2024-03-05,1777628.42
2024-03-06,1798937.66
2024-03-07,1812757.74
2024-03-08,1839230.17
2024-03-11,1865036.66
2024-03-12,1876619.69
2024-03-13,1868074.6
2024-03-14,1844337.21
2024-03-15,1850605.94
2024-03-18,1832695.1
2024-03-19,1802705.66
2024-03-20,1806237.14
2024-03-21,1800892.47
2024-03-22,1848324.76
2024-03-25,1897557.05
2024-03-26,1916182.31
2024-03-27,1920900.59
2024-03-28,1940794.75
2024-03-29,1943104.77
2024-04-01,1935262.97
2024-04-02,1955680.78
2024-04-03,1984386.66
2024-04-04,1968286.89
2024-04-05,1983887.54
2024-04-08,1968984.82
2024-04-09,1935644.98
2024-04-10,1936449.09
2024-04-11,1935375.64
2024-04-12,1918693.77
2024-04-15,1915317.05
2024-04-16,1901302.83
2024-04-17,1907175.37
2024-04-18,1890349.75
2024-04-19,1911017.79
2024-04-22,1907692.79
2024-04-23,1953594.64
2024-04-24,1954116.01
2024-04-25,1958267.91
2024-04-26,1955671.71
2024-04-29,1940237.64
2024-04-30,1943065.25
2024-05-01,1938015.06
2024-05-02,1930944.13
2024-05-03,1903114.01
2024-05-06,1940571.86
2024-05-07,1927528.61
2024-05-08,1957721.21
2024-05-09,1973623.69
2024-05-10,1991836.34
2024-05-13,2041145.02
2024-05-14,2045027.94
2024-05-15,2008618.89
2024-05-16,2003949.3
2024-05-17,1961477.93
2024-05-20,1969617.55
2024-05-21,1958776.63
2024-05-22,1960539.55
2024-05-23,1952185.82
2024-05-24,1999695.26
2024-05-27,2035626.51
2024-05-28,2012434.88
2024-05-29,1991559.01
2024-05-30,1962521.96
2024-05-31,1961434.98
2024-06-03,1971125.6
2024-06-04,1939673.85
2024-06-05,1920845.69
2024-06-06,1936952.48
2024-06-07,1931630.23
2024-06-10,1948651.65
2024-06-11,1929141.13
2024-06-12,1916831.63
2024-06-13,1893455.32
2024-06-14,1907149.84
2024-06-17,1920361.93
2024-06-18,1905313.83
2024-06-19,1906258.22
2024-06-20,1922773.98
2024-06-21,1914063.11
2024-06-24,1926282.13
2024-06-25,1919695.29
2024-06-26,1944239.07
2024-06-27,1965919.07
2024-06-28,2008828.16
2024-07-01,2003898.83
2024-07-02,2026477.65
2024-07-03,2048237.11
2024-07-04,2052065.8
2024-07-05,2034466.32
2024-07-08,2066142.58
2024-07-09,2022230.15
2024-07-10,1989594.82
2024-07-11,2020188.29
2024-07-12,1971163.13
2024-07-15,2010289.82
2024-07-16,2003064.77
2024-07-17,2038783.9
2024-07-18,2021686.63
2024-07-19,2025937.33
2024-07-22,2038216.86
2024-07-23,2035765.71
2024-07-24,2072171.09
2024-07-25,2083219.71
2024-07-26,2066090.58
2024-07-29,2062219.68
2024-07-30,2026129.6
2024-07-31,2028485.09
2024-08-01,2048051.48
2024-08-02,2041627.46
2024-08-05,2055082.7
2024-08-06,2118194.34
2024-08-07,2131504.32
2024-08-08,2136351.29
2024-08-09,2104694.18
2024-08-12,2097315.26
2024-08-13,2124076.8
2024-08-14,2129855.21
2024-08-15,2133918.17
2024-08-16,2157892.58
2024-08-19,2160284.55
2024-08-20,2150519.16
2024-08-21,2141424.87
2024-08-22,2123688.79
2024-08-23,2142323.56
2024-08-26,2126779.68
2024-08-27,2087603.39
2024-08-28,2060466.28
2024-08-29,2066148.2
2024-08-30,2042486.34
2024-09-02,2055715.5
2024-09-03,2060408.94
2024-09-04,2090132.27
2024-09-05,2103743.56
2024-09-06,2144118.69
2024-09-09,2144030.64
2024-09-10,2211859.56
2024-09-11,2246286.14
2024-09-12,2247796.39
2024-09-13,2230429.72
2024-09-16,2213009.62
2024-09-17,2258351.44
2024-09-18,2283735.76
2024-09-19,2248546.43
2024-09-20,2255590.74
2024-09-23,2305242.09
2024-09-24,2285154.6
2024-09-25,2262387.07
2024-09-26,2256103.01
2024-09-27,2309651.28
2024-09-30,2346906.8
2024-10-01,2330138.73
2024-10-02,2307925.56
2024-10-03,2335343.55
2024-10-04,2374253.16
2024-10-07,2355895.19
2024-10-08,2327865.03
2024-10-09,2318729.82
2024-10-10,2315701.87
2024-10-11,2368132.13
2024-10-14,2397894.22
2024-10-15,2384518.27
2024-10-16,2368984.25
2024-10-17,2379615.25
2024-10-18,2348670.41
2024-10-21,2327912.67
2024-10-22,2318045.46
2024-10-23,2290505.61
2024-10-24,2307831.6
2024-10-25,2274750.67
2024-10-28,2257024.35
2024-10-29,2251462.85
2024-10-30,2306170.49
2024-10-31,2287242.83
2024-11-01,2286986.52
2024-11-04,2312701.63
2024-11-05,2363042.91
2024-11-06,2371642.9
2024-11-07,2389247.46
2024-11-08,2355916.25
2024-11-11,2369345.07
2024-11-12,2385060.45
2024-11-13,2426908.47
2024-11-14,2439817.71
2024-11-15,2432250.68
2024-11-18,2443835.45
2024-11-19,2438263.86
2024-11-20,2448296.63
2024-11-21,2487318.85
2024-11-22,2525471.73
2024-11-25,2534885.84
2024-11-26,2550183.54
2024-11-27,2588301.41
2024-11-28,2540888.21
2024-11-29,2549775.48
2024-12-02,2564338.72
2024-12-03,2577867.64
2024-12-04,2555250.37
2024-12-05,2587038.3
2024-12-06,2583615.51
2024-12-09,2551416.68
2024-12-10,2518385.35
2024-12-11,2513063.84
2024-12-12,2509318.99
2024-12-13,2520469.1
2024-12-16,2565857.53
2024-12-17,2538520.29
2024-12-18,2499198.43
2024-12-19,2520511.52
2024-12-20,2541882.23
2024-12-23,2564379.97
2024-12-24,2526646.83
2024-12-25,2539549.71
2024-12-26,2539411.35
2024-12-27,2530746.93
2024-12-30,2476834.54
2024-12-31,2518902.8
2025-01-01,2556148.64
2025-01-02,2578577.02
2025-01-03,2557391.15
2025-01-06,2506935.41
2025-01-07,2532453.29
2025-01-08,2587732.83
2025-01-09,2559843.02
2025-01-10,2533502.1
2025-01-13,2507467.48
2025-01-14,2466987.79
2025-01-15,2488640.12
2025-01-16,2461279.14
2025-01-17,2483116.94
2025-01-20,2531008.5
2025-01-21,2550374.64
2025-01-22,2607436.81
2025-01-23,2661947.47
2025-01-24,2672892.12
2025-01-27,2698551.22
2025-01-28,2699283.46
2025-01-29,2684380.79
2025-01-30,2741158.86
2025-01-31,2695948.9
2025-02-03,2683726.2
2025-02-04,2688999.01
2025-02-05,2691195.7
2025-02-06,2654001.99
2025-02-07,2650100.38
2025-02-10,2603218.11
2025-02-11,2631687.4
2025-02-12,2680516.72
2025-02-13,2686431.43
2025-02-14,2669012.08
2025-02-17,2696870.97
2025-02-18,2674240.01
2025-02-19,2727811.85
2025-02-20,2726912.85
2025-02-21,2732799.07
2025-02-24,2731139.95
2025-02-25,2751029.01
2025-02-26,2706695.05
2025-02-27,2672999.99
2025-02-28,2669370.14
2025-03-03,2736479.9
2025-03-04,2738494.6
2025-03-05,2680359.29
2025-03-06,2702143.73
2025-03-07,2679373.69
2025-03-10,2661766.03
2025-03-11,2649814.36
2025-03-12,2646735.56
2025-03-13,2580627.68
2025-03-14,2595465.18
2025-03-17,2606977.45
2025-03-18,2596572.9
2025-03-19,2628961.99
2025-03-20,2616083.81
2025-03-21,2680920.97
2025-03-24,2607719.6
2025-03-25,2648994.03
2025-03-26,2712330.68
2025-03-27,2687153.34
2025-03-28,2690916.04
2025-03-31,2676950.92
2025-04-01,2705664.94
2025-04-02,2679972.92
2025-04-03,2674992.43
2025-04-04,2669339.46
2025-04-07,2636516.33
2025-04-08,2641461.51
2025-04-09,2631872.78
2025-04-10,2624662.3
2025-04-11,2650837.45
2025-04-14,2677349.57
2025-04-15,2726867.13
2025-04-16,2813903.05
2025-04-17,2771794.59
2025-04-18,2780941.36
2025-04-21,2729721.92
2025-04-22,2764083.77
2025-04-23,2743661.68
2025-04-24,2729332.18
2025-04-25,2718971.39
2025-04-28,2688685.8
2025-04-29,2708598.76
2025-04-30,2674797.97
2025-05-01,2656139.77
2025-05-02,2641980.58
2025-05-05,2677656.98
2025-05-06,2590416.07
2025-05-07,2614144.4
2025-05-08,2566858.34
2025-05-09,2535760.71
2025-05-12,2575453.52
2025-05-13,2597995.92
2025-05-14,2607411.42
2025-05-15,2616440.94
2025-05-16,2621251.32
2025-05-19,2647127.25
2025-05-20,2620222.0
2025-05-21,2588727.07
2025-05-22,2558987.01
2025-05-23,2559116.93
2025-05-26,2546515.72
2025-05-27,2569763.28
2025-05-28,2603227.41
2025-05-29,2642965.85
2025-05-30,2631700.48
2025-06-02,2646321.01
2025-06-03,2650091.53
2025-06-04,2680429.8
2025-06-05,2735813.47
2025-06-06,2745086.53
2025-06-09,2736700.76
2025-06-10,2751093.43
2025-06-11,2720138.44
2025-06-12,2739378.84
2025-06-13,2712322.82
2025-06-16,2724647.09
2025-06-17,2702867.93
2025-06-18,2732740.27
2025-06-19,2717970.39
2025-06-20,2726928.68
2025-06-23,2766766.39
2025-06-24,2738114.47
2025-06-25,2756521.83
2025-06-26,2804322.97
2025-06-27,2787168.31
2025-06-30,2781966.72
2025-07-01,2834419.77
2025-07-02,2793331.14
2025-07-03,2770348.33
2025-07-04,2756246.75
2025-07-07,2760014.23
2025-07-08,2790736.37
2025-07-09,2852125.51
2025-07-10,2945918.68
2025-07-11,2972525.7
2025-07-14,2957678.8
2025-07-15,2922443.89
2025-07-16,2953875.73
2025-07-17,2949300.1
2025-07-18,2940435.8
2025-07-21,2888754.8
2025-07-22,2846416.11
2025-07-23,2853812.58
2025-07-24,2889905.51
2025-07-25,2893618.93
2025-07-28,2852577.39
2025-07-29,2918340.74
2025-07-30,3016119.23
2025-07-31,2986763.13
2025-08-01,3011386.93
2025-08-04,3013197.89
2025-08-05,3056120.93
2025-08-06,3068061.71
2025-08-07,3025596.44
2025-08-08,3090317.51
2025-08-11,3095796.65
2025-08-12,3095200.26
2025-08-13,3056253.91
2025-08-14,3052673.94
2025-08-15,3091409.66
2025-08-18,3071117.7
2025-08-19,3068711.43
2025-08-20,3114896.64
2025-08-21,3070282.75
2025-08-22,3119586.25
2025-08-25,3107564.74
2025-08-26,3141904.8
2025-08-27,3122387.51
2025-08-28,3057905.54
2025-08-29,2976071.46
2025-09-01,2990509.65
2025-09-02,3030680.08
2025-09-03,2971499.93
2025-09-04,3035922.4
2025-09-05,3078964.16
2025-09-08,3132939.99
2025-09-09,3101418.88
2025-09-10,3132430.79
2025-09-11,3147810.99
2025-09-12,3115959.06
2025-09-15,3131811.76
2025-09-16,3143555.41
2025-09-17,3162867.11
2025-09-18,3183072.75
2025-09-19,3186404.09
2025-09-22,3182000.77
2025-09-23,3153640.04
2025-09-24,3200704.57
2025-09-25,3230984.1
2025-09-26,3220289.79
2025-09-29,3288780.19
2025-09-30,3323813.36
2025-10-01,3375963.46
2025-10-02,3350225.66
2025-10-03,3466390.14
2025-10-06,3471175.15
2025-10-07,3479578.22
2025-10-08,3558987.49
2025-10-09,3562194.92
2025-10-10,3565493.02
2025-10-13,3620701.64
2025-10-14,3612056.55
2025-10-15,3502175.5
2025-10-16,3507353.84
2025-10-17,3567741.04
2025-10-20,3672004.18
2025-10-21,3652263.19
2025-10-22,3639632.19
2025-10-23,3623420.51
2025-10-24,3657515.34
2025-10-27,3693206.9
2025-10-28,3692229.04
2025-10-29,3669457.01
2025-10-30,3684500.26
2025-10-31,3707178.99
2025-11-03,3759806.9
2025-11-04,3744467.06
2025-11-05,3755749.72
2025-11-06,3785333.17
2025-11-07,3756799.63
2025-11-10,3830345.23
2025-11-11,3782005.41
2025-11-12,3814739.03
2025-11-13,3790111.56
2025-11-14,3821144.41
2025-11-17,3793199.13
2025-11-18,3780349.2
2025-11-19,3815100.38
2025-11-20,3913428.89
2025-11-21,3886648.43
2025-11-24,3922498.08
2025-11-25,3901464.95
2025-11-26,3907364.85
2025-11-27,3918770.66
2025-11-28,3934367.23
2025-12-01,3973517.01
2025-12-02,3952591.09
2025-12-03,3954233.08
2025-12-04,3957036.39
2025-12-05,3980349.01
2025-12-08,3970146.93
2025-12-09,4025826.24
2025-12-10,4084870.85
2025-12-11,3984777.73
2025-12-12,4000556.06
2025-12-15,3997515.04
2025-12-16,4041860.38
2025-12-17,4015006.76
2025-12-18,4059150.33
2025-12-19,4053924.8
2025-12-22,4071893.63
2025-12-23,4123721.83
2025-12-24,4092384.61
2025-12-25,4077147.01
2025-12-26,4001044.78
2025-12-29,3962459.3
2025-12-30,3968990.78
2025-12-31,4053728.66
2026-01-01,3993082.09
2026-01-02,4066186.87
2026-01-05,4109962.21
2026-01-06,4258960.26
2026-01-07,4348625.04
2026-01-08,4395897.54
2026-01-09,4343195.93
2026-01-12,4372870.61
2026-01-13,4295195.77
2026-01-14,4244104.7
2026-01-15,4283065.6
2026-01-16,4285449.22
2026-01-19,4293136.82
2026-01-20,4412826.18
2026-01-21,4304634.17
2026-01-22,4196046.82
2026-01-23,4239453.31
2026-01-26,4255088.51
2026-01-27,4201476.69
2026-01-28,4196010.64
2026-01-29,4160863.03
2026-01-30,4173287.48
2026-02-02,4199659.29
2026-02-03,4196768.79
2026-02-04,4188068.01
2026-02-05,4213407.83
2026-02-06,4215013.07
2026-02-09,4220400.9
2026-02-10,4184489.31
2026-02-11,4095785.25
2026-02-12,4139029.61
2026-02-13,4110251.4
2026-02-16,4157393.04
2026-02-17,4203207.72
2026-02-18,4189468.98
2026-02-19,4206135.8
2026-02-20,4164407.15
2026-02-23,4192150.84
2026-02-24,4137436.85
2026-02-25,4232551.78
2026-02-26,4275647.83
2026-02-27,4268131.32
2026-03-02,4262040.13
2026-03-03,4278015.67
2026-03-04,4208328.49
2026-03-05,4284968.92
2026-03-06,4333798.35
2026-03-09,4250185.77
2026-03-10,4313500.57
2026-03-11,4255097.71
2026-03-12,4144778.49
2026-03-13,4144096.02
2026-03-16,4147517.21
2026-03-17,4171171.72
2026-03-18,4191135.94
2026-03-19,4314412.86
2026-03-20,4356483.73
2026-03-23,4384321.16
2026-03-24,4495402.05
2026-03-25,4508118.83
2026-03-26,4487686.47
2026-03-27,4433884.22
2026-03-30,4373272.89
2026-03-31,4346303.53
2026-04-01,4330801.53
2026-04-02,4400340.71
2026-04-03,4440880.53
2026-04-06,4460740.15
2026-04-07,4383601.31
2026-04-08,4433713.79
2026-04-09,4482498.46
2026-04-10,4438026.11
2026-04-13,4480555.46
2026-04-14,4544556.81
2026-04-15,4648183.72
2026-04-16,4596450.42
2026-04-17,4516431.0
2026-04-20,4492778.28
2026-04-21,4467871.69
2026-04-22,4496114.13
2026-04-23,4428065.22
2026-04-24,4399982.61
2026-04-27,4393898.26
2026-04-28,4429107.66
2026-04-29,4442877.46
2026-04-30,4454751.34
2026-05-01,4613258.02
2026-05-04,4535353.41
2026-05-05,4473002.52
2026-05-06,4443781.82
2026-05-07,4564960.8
2026-05-08,4652726.48
2026-05-11,4655041.88
2026-05-12,4631641.53
2026-05-13,4704412.24
2026-05-14,4780591.59
2026-05-15,4759100.07
2026-05-18,4799619.63
2026-05-19,4753000.04
2026-05-20,4670103.74
2026-05-21,4695080.39
2026-05-22,4716074.42
2026-05-25,4608796.44
2026-05-26,4633920.93
2026-05-27,4619154.72
2026-05-28,4558050.7
2026-05-29,4552806.1
2026-06-01,4504660.9
2026-06-02,4514744.71
2026-06-03,4478268.43
2026-06-04,4370181.47
2026-06-05,4412670.95
2026-06-08,4341554.47
2026-06-09,4323919.85
2026-06-10,4317277.32
2026-06-11,4323563.68
2026-06-12,4344674.3
2026-06-15,4351870.13
2026-06-16,4421420.71
2026-06-17,4448103.36
2026-06-18,4415756.45
2026-06-19,4341019.87
2026-06-22,4362141.71
2026-06-23,4296037.83
2026-06-24,4357176.89
2026-06-25,4393924.6
2026-06-26,4435127.68
2026-06-29,4458139.87
2026-06-30,4430992.66
2026-07-01,4377718.0
2026-07-02,4341248.8
2026-07-03,4325844.43
2026-07-06,4341796.57
2026-07-07,4292747.19
2026-07-08,4280055.55
2026-07-09,4263860.42
2026-07-10,4233145.54
2026-07-13,4244640.89
2026-07-14,4255733.64
2026-07-15,4161188.54
2026-07-16,4174052.03
2026-07-17,4256140.63
2026-07-20,4233317.29
2026-07-21,4257881.87
2026-07-22,4256811.8
2026-07-23,4220183.67
2026-07-24,4218993.84
2026-07-27,4197517.95
2026-07-28,4182032.31
2026-07-29,4076479.06
2026-07-30,4060752.21
2026-07-31,4053139.58
2026-08-03,4095885.62
2026-08-04,3991667.66
2026-08-05,4039448.69
2026-08-06,4022715.5
2026-08-07,4099793.01
2026-08-10,4154726.61
2026-08-11,4130940.47
2026-08-12,4124505.26
2026-08-13,4176947.28
2026-08-14,4147678.18
2026-08-17,4132028.52
2026-08-18,4211013.53
2026-08-19,4275928.47
2026-08-20,4284631.25
2026-08-21,4311529.66
2026-08-24,4324202.21
2026-08-25,4304781.41
2026-08-26,4392196.99
2026-08-27,4426893.52
2026-08-28,4463761.42
2026-08-31,4508833.04
2026-09-01,4604487.24
2026-09-02,4588472.03
2026-09-03,4673411.69
2026-09-04,4608018.87
2026-09-07,4622167.55
2026-09-08,4718432.53
2026-09-09,4718501.25
